,subID,score,source,target,source_Identity,target_Identity,source_ref,target_ref
0,1001,0.6173231063624137,No_Ref,No_Ref,None,None,None,None
1,1002,0.5774827459037986,No_Ref,No_Ref,None,None,None,None
2,1003,0.5569931505912041,No_Ref,No_Ref,None,None,None,None
3,1004,0.482506334538838,No_Ref,No_Ref,None,None,None,None
4,1005,0.592788653118151,No_Ref,No_Ref,None,None,None,None
5,1006,0.4714100875042828,No_Ref,No_Ref,None,None,None,None
6,1007,0.5575317470084268,No_Ref,No_Ref,None,None,None,None
7,1008,0.45015687043360425,No_Ref,No_Ref,None,None,None,None
8,1009,0.466809754988976,No_Ref,No_Ref,None,None,None,None
9,1010,0.48450933249199063,No_Ref,No_Ref,None,None,None,None
10,1012,0.5008855966569815,No_Ref,No_Ref,None,None,None,None
11,1013,0.551848949423778,No_Ref,No_Ref,None,None,None,None
12,1014,0.5448164187892948,No_Ref,No_Ref,None,None,None,None
13,1015,0.4467237185220026,No_Ref,No_Ref,None,None,None,None
14,1016,0.588368444238179,No_Ref,No_Ref,None,None,None,None
15,1017,0.5812548221503283,No_Ref,No_Ref,None,None,None,None
16,1019,0.49246944682372407,No_Ref,No_Ref,None,None,None,None
17,1021,0.4295082270139643,No_Ref,No_Ref,None,None,None,None
18,1022,0.5922088873743402,No_Ref,No_Ref,None,None,None,None
19,1023,0.553702980017246,No_Ref,No_Ref,None,None,None,None
20,1024,0.5916765431789485,No_Ref,No_Ref,None,None,None,None
21,1025,0.5486718189372001,No_Ref,No_Ref,None,None,None,None
22,1026,0.4948698138320471,No_Ref,No_Ref,None,None,None,None
23,1027,0.5802296405613508,No_Ref,No_Ref,None,None,None,None
24,1028,0.5287057883026643,No_Ref,No_Ref,None,None,None,None
25,1029,0.5102049687348635,No_Ref,No_Ref,None,None,None,None
26,1030,0.48081959859128354,No_Ref,No_Ref,None,None,None,None
27,1031,0.605293115926237,No_Ref,No_Ref,None,None,None,None
28,1032,0.5705250196312835,No_Ref,No_Ref,None,None,None,None
29,1033,0.4753365542839227,No_Ref,No_Ref,None,None,None,None
30,1034,0.5120365412653366,No_Ref,No_Ref,None,None,None,None
31,1035,0.568464729221828,No_Ref,No_Ref,None,None,None,None
32,1036,0.5091281837799472,No_Ref,No_Ref,None,None,None,None
33,1037,0.4916139120073384,No_Ref,No_Ref,None,None,None,None
34,1038,0.4826635587126855,No_Ref,No_Ref,None,None,None,None
35,1050,0.4880154057587432,No_Ref,No_Ref,None,None,None,None
36,1051,0.5254059870298118,No_Ref,No_Ref,None,None,None,None
37,1054,0.5426797504836761,No_Ref,No_Ref,None,None,None,None
38,1055,0.47596914152996855,No_Ref,No_Ref,None,None,None,None
39,1061,0.5638019769195128,No_Ref,No_Ref,None,None,None,None
40,1062,0.4739181732242808,No_Ref,No_Ref,None,None,None,None
41,1063,0.5491261574074073,No_Ref,No_Ref,None,None,None,None
42,1064,0.472035225065406,No_Ref,No_Ref,None,None,None,None
43,1067,0.541328813278411,No_Ref,No_Ref,None,None,None,None
44,1068,0.5486739691995376,No_Ref,No_Ref,None,None,None,None
45,1069,0.5119163364590141,No_Ref,No_Ref,None,None,None,None
46,1070,0.49045881975781574,No_Ref,No_Ref,None,None,None,None
47,1071,0.5581113555413275,No_Ref,No_Ref,None,None,None,None
48,1072,0.5656727078219003,No_Ref,No_Ref,None,None,None,None
49,1074,0.5884525947133652,No_Ref,No_Ref,None,None,None,None
50,1075,0.4928185046532989,No_Ref,No_Ref,None,None,None,None
51,1101,0.5461944400540891,No_Ref,No_Ref,None,None,None,None
52,1102,0.5986208537087152,No_Ref,No_Ref,None,None,None,None
53,1103,0.5125280961492021,No_Ref,No_Ref,None,None,None,None
54,1104,0.5909394305743816,No_Ref,No_Ref,None,None,None,None
55,1106,0.5211888233513705,No_Ref,No_Ref,None,None,None,None
56,1107,0.55265814649003,No_Ref,No_Ref,None,None,None,None
57,1108,0.5070762864181945,No_Ref,No_Ref,None,None,None,None
58,1113,0.5891009665814851,No_Ref,No_Ref,None,None,None,None
59,1114,0.5777103160302015,No_Ref,No_Ref,None,None,None,None
60,1115,0.5345043205179013,No_Ref,No_Ref,None,None,None,None
61,1117,0.5202997085244981,No_Ref,No_Ref,None,None,None,None
62,1118,0.5196182297070302,No_Ref,No_Ref,None,None,None,None
63,1121,0.5497723232765969,No_Ref,No_Ref,None,None,None,None
64,1123,0.5159025210720899,No_Ref,No_Ref,None,None,None,None
65,1124,0.5914618248429315,No_Ref,No_Ref,None,None,None,None
66,1125,0.561699548572514,No_Ref,No_Ref,None,None,None,None
67,1127,0.5111656597667316,No_Ref,No_Ref,None,None,None,None
68,1129,0.5312094872064524,No_Ref,No_Ref,None,None,None,None
69,1130,0.5188939139114502,No_Ref,No_Ref,None,None,None,None
70,1131,0.5205017337233018,No_Ref,No_Ref,None,None,None,None
71,1132,0.5253808003944659,No_Ref,No_Ref,None,None,None,None
72,1134,0.47835565537233027,No_Ref,No_Ref,None,None,None,None
73,1135,0.5911883908458972,No_Ref,No_Ref,None,None,None,None
74,1136,0.5377509782525235,No_Ref,No_Ref,None,None,None,None
75,1137,0.5675655747089482,No_Ref,No_Ref,None,None,None,None
76,1138,0.5219902857741475,No_Ref,No_Ref,None,None,None,None
77,1139,0.5084220590699543,No_Ref,No_Ref,None,None,None,None
78,1141,0.5156500100040016,No_Ref,No_Ref,None,None,None,None
79,1143,0.5212898454378389,No_Ref,No_Ref,None,None,None,None
80,1144,0.42818098271904675,No_Ref,No_Ref,None,None,None,None
81,1148,0.5355255051427309,No_Ref,No_Ref,None,None,None,None
82,1149,0.5111459478750329,No_Ref,No_Ref,None,None,None,None
83,1150,0.5591121306235421,No_Ref,No_Ref,None,None,None,None
84,1152,0.49263918334270024,No_Ref,No_Ref,None,None,None,None
85,1153,0.5970219517488907,No_Ref,No_Ref,None,None,None,None
86,1155,0.5198793305946259,No_Ref,No_Ref,None,None,None,None
87,1156,0.4989713558538243,No_Ref,No_Ref,None,None,None,None
88,1157,0.5281813791688533,No_Ref,No_Ref,None,None,None,None
89,1160,0.5049306037092561,No_Ref,No_Ref,None,None,None,None
90,1161,0.5392060496500397,No_Ref,No_Ref,None,None,None,None
91,1162,0.5403108183766165,No_Ref,No_Ref,None,None,None,None
92,1164,0.5358851351137716,No_Ref,No_Ref,None,None,None,None
93,1165,0.6026543459282104,No_Ref,No_Ref,None,None,None,None
94,1166,0.5517394990876295,No_Ref,No_Ref,None,None,None,None
95,1168,0.49622262191953553,No_Ref,No_Ref,None,None,None,None
96,1169,0.5758727127454069,No_Ref,No_Ref,None,None,None,None
97,1170,0.5708080204823439,No_Ref,No_Ref,None,None,None,None
98,1172,0.5364208785577307,No_Ref,No_Ref,None,None,None,None
99,1173,0.5258191959809511,No_Ref,No_Ref,None,None,None,None
100,1174,0.6050151037288317,No_Ref,No_Ref,None,None,None,None
101,1176,0.5796904162830018,No_Ref,No_Ref,None,None,None,None
102,1177,0.5255194986859095,No_Ref,No_Ref,None,None,None,None
103,1215,0.47696508687906514,No_Ref,No_Ref,None,None,None,None
104,1216,0.5647207558271855,No_Ref,No_Ref,None,None,None,None
105,1217,0.5671316013155533,No_Ref,No_Ref,None,None,None,None
106,1218,0.48039794979947975,No_Ref,No_Ref,None,None,None,None
107,1219,0.4558947323699354,No_Ref,No_Ref,None,None,None,None
108,1220,0.5864913797887029,No_Ref,No_Ref,None,None,None,None
109,1221,0.5117866898712501,No_Ref,No_Ref,None,None,None,None
110,1222,0.4877362709789798,No_Ref,No_Ref,None,None,None,None
111,1223,0.5244560185185185,No_Ref,No_Ref,None,None,None,None
112,1224,0.4536139276626048,No_Ref,No_Ref,None,None,None,None
113,1225,0.4282954896289655,No_Ref,No_Ref,None,None,None,None
114,1226,0.4577813441081065,No_Ref,No_Ref,None,None,None,None
115,1227,0.4427503819799916,No_Ref,No_Ref,None,None,None,None
116,1228,0.566270346651491,No_Ref,No_Ref,None,None,None,None
117,1229,0.4594433960024687,No_Ref,No_Ref,None,None,None,None
118,1230,0.5438632124651411,No_Ref,No_Ref,None,None,None,None
119,1231,0.5324022923978072,No_Ref,No_Ref,None,None,None,None
120,1232,0.5161084365450389,No_Ref,No_Ref,None,None,None,None
121,1233,0.5697162615166352,No_Ref,No_Ref,None,None,None,None
122,1234,0.4512840030419643,No_Ref,No_Ref,None,None,None,None
123,1235,0.5710240801843738,No_Ref,No_Ref,None,None,None,None
124,1236,0.5946661709684172,No_Ref,No_Ref,None,None,None,None
125,1237,0.42841293190105106,No_Ref,No_Ref,None,None,None,None
0,5201,0.45215689760878686,Exp5_Morality,Exp5_Morality,None,None,None,None
1,5202,0.5661154777385989,Exp5_Morality,Exp5_Morality,None,None,None,None
2,5203,0.5734110256398369,Exp5_Morality,Exp5_Morality,None,None,None,None
3,5204,0.5383485448522499,Exp5_Morality,Exp5_Morality,None,None,None,None
4,5205,0.5723188428197308,Exp5_Morality,Exp5_Morality,None,None,None,None
5,5206,0.547164891061027,Exp5_Morality,Exp5_Morality,None,None,None,None
6,5207,0.5149421296296296,Exp5_Morality,Exp5_Morality,None,None,None,None
7,5208,0.49830353356915885,Exp5_Morality,Exp5_Morality,None,None,None,None
8,5209,0.5798175448044663,Exp5_Morality,Exp5_Morality,None,None,None,None
9,5210,0.563189981875103,Exp5_Morality,Exp5_Morality,None,None,None,None
10,5211,0.5402803903988374,Exp5_Morality,Exp5_Morality,None,None,None,None
11,5212,0.5280965663810853,Exp5_Morality,Exp5_Morality,None,None,None,None
12,5213,0.5508399899507825,Exp5_Morality,Exp5_Morality,None,None,None,None
13,5215,0.5724062154448858,Exp5_Morality,Exp5_Morality,None,None,None,None
14,5216,0.5396527777777778,Exp5_Morality,Exp5_Morality,None,None,None,None
15,5217,0.5441652062359701,Exp5_Morality,Exp5_Morality,None,None,None,None
16,5218,0.5334110322070923,Exp5_Morality,Exp5_Morality,None,None,None,None
17,5219,0.6536488707025787,Exp5_Morality,Exp5_Morality,None,None,None,None
18,5220,0.4776961218977971,Exp5_Morality,Exp5_Morality,None,None,None,None
19,5221,0.5089138351471605,Exp5_Morality,Exp5_Morality,None,None,None,None
20,5222,0.6056974602649243,Exp5_Morality,Exp5_Morality,None,None,None,None
21,5223,0.4973890429600046,Exp5_Morality,Exp5_Morality,None,None,None,None
22,5225,0.5097513005998268,Exp5_Morality,Exp5_Morality,None,None,None,None
23,5226,0.524609205606929,Exp5_Morality,Exp5_Morality,None,None,None,None
24,5227,0.546186246477139,Exp5_Morality,Exp5_Morality,None,None,None,None
25,5228,0.5185118341272967,Exp5_Morality,Exp5_Morality,None,None,None,None
26,5229,0.4895172579508811,Exp5_Morality,Exp5_Morality,None,None,None,None
27,5230,0.5462610663590319,Exp5_Morality,Exp5_Morality,None,None,None,None
28,5231,0.7001607946828416,Exp5_Morality,Exp5_Morality,None,None,None,None
29,5233,0.4798209587156575,Exp5_Morality,Exp5_Morality,None,None,None,None
30,5234,0.4463007995326003,Exp5_Morality,Exp5_Morality,None,None,None,None
31,5235,0.5400497334449831,Exp5_Morality,Exp5_Morality,None,None,None,None
32,5236,0.5391303146098155,Exp5_Morality,Exp5_Morality,None,None,None,None
33,5237,0.5020954106280193,Exp5_Morality,Exp5_Morality,None,None,None,None
34,5238,0.5413407397577102,Exp5_Morality,Exp5_Morality,None,None,None,None
35,5239,0.5555045547630817,Exp5_Morality,Exp5_Morality,None,None,None,None
36,5240,0.5382216938379257,Exp5_Morality,Exp5_Morality,None,None,None,None
37,5242,0.5635107229934816,Exp5_Morality,Exp5_Morality,None,None,None,None
0,5201,0.5119823230611696,Exp5_Emotion,Exp5_Emotion,None,None,None,None
1,5202,0.5280704061357682,Exp5_Emotion,Exp5_Emotion,None,None,None,None
2,5203,0.5523564378550744,Exp5_Emotion,Exp5_Emotion,None,None,None,None
3,5204,0.49692741113181677,Exp5_Emotion,Exp5_Emotion,None,None,None,None
4,5205,0.484675991153912,Exp5_Emotion,Exp5_Emotion,None,None,None,None
5,5206,0.5516464640249406,Exp5_Emotion,Exp5_Emotion,None,None,None,None
6,5207,0.5254967398395899,Exp5_Emotion,Exp5_Emotion,None,None,None,None
7,5208,0.5357526909322571,Exp5_Emotion,Exp5_Emotion,None,None,None,None
8,5209,0.5040819484845895,Exp5_Emotion,Exp5_Emotion,None,None,None,None
9,5210,0.5454282407407406,Exp5_Emotion,Exp5_Emotion,None,None,None,None
10,5211,0.5040929272685365,Exp5_Emotion,Exp5_Emotion,None,None,None,None
11,5212,0.527361803341329,Exp5_Emotion,Exp5_Emotion,None,None,None,None
12,5213,0.5362583457371791,Exp5_Emotion,Exp5_Emotion,None,None,None,None
13,5215,0.5857481032859448,Exp5_Emotion,Exp5_Emotion,None,None,None,None
14,5216,0.5060956821926429,Exp5_Emotion,Exp5_Emotion,None,None,None,None
15,5217,0.4845745791355329,Exp5_Emotion,Exp5_Emotion,None,None,None,None
16,5218,0.6387131546098027,Exp5_Emotion,Exp5_Emotion,None,None,None,None
17,5219,0.4801448555280521,Exp5_Emotion,Exp5_Emotion,None,None,None,None
18,5220,0.48309912200174193,Exp5_Emotion,Exp5_Emotion,None,None,None,None
19,5221,0.5158943807648582,Exp5_Emotion,Exp5_Emotion,None,None,None,None
20,5222,0.5890421914859808,Exp5_Emotion,Exp5_Emotion,None,None,None,None
21,5223,0.5572252401658013,Exp5_Emotion,Exp5_Emotion,None,None,None,None
22,5225,0.5260004554491183,Exp5_Emotion,Exp5_Emotion,None,None,None,None
23,5226,0.6104782523354285,Exp5_Emotion,Exp5_Emotion,None,None,None,None
24,5227,0.5811541241754247,Exp5_Emotion,Exp5_Emotion,None,None,None,None
25,5228,0.5159944286133187,Exp5_Emotion,Exp5_Emotion,None,None,None,None
26,5229,0.5371054867244691,Exp5_Emotion,Exp5_Emotion,None,None,None,None
27,5230,0.5032783346372375,Exp5_Emotion,Exp5_Emotion,None,None,None,None
28,5231,0.40181899537920707,Exp5_Emotion,Exp5_Emotion,None,None,None,None
29,5233,0.47612516548865974,Exp5_Emotion,Exp5_Emotion,None,None,None,None
30,5234,0.5444648570725361,Exp5_Emotion,Exp5_Emotion,None,None,None,None
31,5235,0.4939930705308881,Exp5_Emotion,Exp5_Emotion,None,None,None,None
32,5236,0.5254446976647823,Exp5_Emotion,Exp5_Emotion,None,None,None,None
33,5237,0.5768723702777107,Exp5_Emotion,Exp5_Emotion,None,None,None,None
34,5238,0.5894500877694558,Exp5_Emotion,Exp5_Emotion,None,None,None,None
35,5239,0.5448162912305787,Exp5_Emotion,Exp5_Emotion,None,None,None,None
36,5240,0.5479861111111112,Exp5_Emotion,Exp5_Emotion,None,None,None,None
37,5242,0.5564606620344397,Exp5_Emotion,Exp5_Emotion,None,None,None,None
0,5201,0.5558962497428349,Exp5_Person,Exp5_Person,None,None,None,None
1,5202,0.5853389046220611,Exp5_Person,Exp5_Person,None,None,None,None
2,5203,0.5132529623750869,Exp5_Person,Exp5_Person,None,None,None,None
3,5204,0.5968151966669021,Exp5_Person,Exp5_Person,None,None,None,None
4,5205,0.6631150740173869,Exp5_Person,Exp5_Person,None,None,None,None
5,5206,0.5455894472499719,Exp5_Person,Exp5_Person,None,None,None,None
6,5207,0.6112304370413663,Exp5_Person,Exp5_Person,None,None,None,None
7,5208,0.6075531309159965,Exp5_Person,Exp5_Person,None,None,None,None
8,5209,0.5328613338856939,Exp5_Person,Exp5_Person,None,None,None,None
9,5210,0.5046766722136183,Exp5_Person,Exp5_Person,None,None,None,None
10,5211,0.5527443264614075,Exp5_Person,Exp5_Person,None,None,None,None
11,5212,0.5282942954029589,Exp5_Person,Exp5_Person,None,None,None,None
12,5213,0.5553519797312957,Exp5_Person,Exp5_Person,None,None,None,None
13,5215,0.5456972983266793,Exp5_Person,Exp5_Person,None,None,None,None
14,5216,0.5662615740740741,Exp5_Person,Exp5_Person,None,None,None,None
15,5217,0.5086228454306227,Exp5_Person,Exp5_Person,None,None,None,None
16,5218,0.530319352676434,Exp5_Person,Exp5_Person,None,None,None,None
17,5219,0.5929721675335711,Exp5_Person,Exp5_Person,None,None,None,None
18,5220,0.5337237188503011,Exp5_Person,Exp5_Person,None,None,None,None
19,5221,0.5129434676655285,Exp5_Person,Exp5_Person,None,None,None,None
20,5222,0.5475479000989583,Exp5_Person,Exp5_Person,None,None,None,None
21,5223,0.5412548983087367,Exp5_Person,Exp5_Person,None,None,None,None
22,5225,0.5223372443111209,Exp5_Person,Exp5_Person,None,None,None,None
23,5226,0.6200549959282843,Exp5_Person,Exp5_Person,None,None,None,None
24,5227,0.48120787014800476,Exp5_Person,Exp5_Person,None,None,None,None
25,5228,0.5286130799646006,Exp5_Person,Exp5_Person,None,None,None,None
26,5229,0.5507798551777755,Exp5_Person,Exp5_Person,None,None,None,None
27,5230,0.6099200364012259,Exp5_Person,Exp5_Person,None,None,None,None
28,5231,0.6088215972713901,Exp5_Person,Exp5_Person,None,None,None,None
29,5233,0.5091845495260251,Exp5_Person,Exp5_Person,None,None,None,None
30,5234,0.41599852315178026,Exp5_Person,Exp5_Person,None,None,None,None
31,5235,0.5417392696038529,Exp5_Person,Exp5_Person,None,None,None,None
32,5236,0.5842307842571556,Exp5_Person,Exp5_Person,None,None,None,None
33,5237,0.5685659111051554,Exp5_Person,Exp5_Person,None,None,None,None
34,5238,0.5384453924429137,Exp5_Person,Exp5_Person,None,None,None,None
35,5239,0.5261805555555555,Exp5_Person,Exp5_Person,None,None,None,None
36,5240,0.6125284272866764,Exp5_Person,Exp5_Person,None,None,None,None
37,5242,0.5253495621383631,Exp5_Person,Exp5_Person,None,None,None,None
0,5201,0.4930776537175694,Exp5_Scene,Exp5_Scene,None,None,None,None
1,5202,0.5685267629119766,Exp5_Scene,Exp5_Scene,None,None,None,None
2,5203,0.5601480080109041,Exp5_Scene,Exp5_Scene,None,None,None,None
3,5204,0.5313310185185186,Exp5_Scene,Exp5_Scene,None,None,None,None
4,5205,0.6154478120987054,Exp5_Scene,Exp5_Scene,None,None,None,None
5,5206,0.5533873793807977,Exp5_Scene,Exp5_Scene,None,None,None,None
6,5207,0.5908532869214631,Exp5_Scene,Exp5_Scene,None,None,None,None
7,5208,0.5404898484885765,Exp5_Scene,Exp5_Scene,None,None,None,None
8,5209,0.4924025682268145,Exp5_Scene,Exp5_Scene,None,None,None,None
9,5210,0.5989024526836365,Exp5_Scene,Exp5_Scene,None,None,None,None
10,5211,0.5817082278070004,Exp5_Scene,Exp5_Scene,None,None,None,None
11,5212,0.46725167403083967,Exp5_Scene,Exp5_Scene,None,None,None,None
12,5213,0.5395138888888887,Exp5_Scene,Exp5_Scene,None,None,None,None
13,5215,0.5534878447442793,Exp5_Scene,Exp5_Scene,None,None,None,None
14,5216,0.5064707186074716,Exp5_Scene,Exp5_Scene,None,None,None,None
15,5217,0.5613643827139402,Exp5_Scene,Exp5_Scene,None,None,None,None
16,5218,0.5833322800873835,Exp5_Scene,Exp5_Scene,None,None,None,None
17,5219,0.5163739607235733,Exp5_Scene,Exp5_Scene,None,None,None,None
18,5220,0.4993532423710027,Exp5_Scene,Exp5_Scene,None,None,None,None
19,5221,0.5643732944437163,Exp5_Scene,Exp5_Scene,None,None,None,None
20,5222,0.5250387216659317,Exp5_Scene,Exp5_Scene,None,None,None,None
21,5223,0.550302561167273,Exp5_Scene,Exp5_Scene,None,None,None,None
22,5225,0.5587133894119684,Exp5_Scene,Exp5_Scene,None,None,None,None
23,5226,0.6237291889086506,Exp5_Scene,Exp5_Scene,None,None,None,None
24,5227,0.49122880386707823,Exp5_Scene,Exp5_Scene,None,None,None,None
25,5228,0.5388861430585931,Exp5_Scene,Exp5_Scene,None,None,None,None
26,5229,0.5140542746646376,Exp5_Scene,Exp5_Scene,None,None,None,None
27,5230,0.5788147662698062,Exp5_Scene,Exp5_Scene,None,None,None,None
28,5231,0.5744053499313077,Exp5_Scene,Exp5_Scene,None,None,None,None
29,5233,0.5303832202337002,Exp5_Scene,Exp5_Scene,None,None,None,None
30,5234,0.46677658227028956,Exp5_Scene,Exp5_Scene,None,None,None,None
31,5235,0.5774184995106666,Exp5_Scene,Exp5_Scene,None,None,None,None
32,5236,0.4885552877005868,Exp5_Scene,Exp5_Scene,None,None,None,None
33,5237,0.6731556429232192,Exp5_Scene,Exp5_Scene,None,None,None,None
34,5238,0.5503885342343832,Exp5_Scene,Exp5_Scene,None,None,None,None
35,5239,0.5043523092640124,Exp5_Scene,Exp5_Scene,None,None,None,None
36,5240,0.5047251103831363,Exp5_Scene,Exp5_Scene,None,None,None,None
37,5242,0.557989004527892,Exp5_Scene,Exp5_Scene,None,None,None,None
0,3010,0.4767430116406181,Explicit_Other,Explicit_Other,Other,Other,Explicit,Explicit
1,3011,0.473584455578353,Explicit_Other,Explicit_Other,Other,Other,Explicit,Explicit
2,3012,0.5147979104575614,Explicit_Other,Explicit_Other,Other,Other,Explicit,Explicit
3,3013,0.5023272849814502,Explicit_Other,Explicit_Other,Other,Other,Explicit,Explicit
4,3014,0.4848867073648697,Explicit_Other,Explicit_Other,Other,Other,Explicit,Explicit
5,3015,0.5338783576157674,Explicit_Other,Explicit_Other,Other,Other,Explicit,Explicit
6,3016,0.43251457338536997,Explicit_Other,Explicit_Other,Other,Other,Explicit,Explicit
7,3017,0.4263778110114102,Explicit_Other,Explicit_Other,Other,Other,Explicit,Explicit
8,3018,0.5249886758697331,Explicit_Other,Explicit_Other,Other,Other,Explicit,Explicit
9,3019,0.5143156204970761,Explicit_Other,Explicit_Other,Other,Other,Explicit,Explicit
10,3020,0.4715579665468535,Explicit_Other,Explicit_Other,Other,Other,Explicit,Explicit
11,3021,0.5134591594847345,Explicit_Other,Explicit_Other,Other,Other,Explicit,Explicit
12,3022,0.48666005872307566,Explicit_Other,Explicit_Other,Other,Other,Explicit,Explicit
13,3023,0.4619910567890076,Explicit_Other,Explicit_Other,Other,Other,Explicit,Explicit
14,3024,0.4651462566897115,Explicit_Other,Explicit_Other,Other,Other,Explicit,Explicit
15,3025,0.5039468722191739,Explicit_Other,Explicit_Other,Other,Other,Explicit,Explicit
16,3026,0.5268201809851574,Explicit_Other,Explicit_Other,Other,Other,Explicit,Explicit
17,3027,0.4445935163724151,Explicit_Other,Explicit_Other,Other,Other,Explicit,Explicit
18,3028,0.45829188625384276,Explicit_Other,Explicit_Other,Other,Other,Explicit,Explicit
19,3029,0.5530713150161227,Explicit_Other,Explicit_Other,Other,Other,Explicit,Explicit
20,3030,0.4817014081547777,Explicit_Other,Explicit_Other,Other,Other,Explicit,Explicit
21,3032,0.49206979398640754,Explicit_Other,Explicit_Other,Other,Other,Explicit,Explicit
22,3033,0.4794236406441992,Explicit_Other,Explicit_Other,Other,Other,Explicit,Explicit
23,3034,0.4642033660295561,Explicit_Other,Explicit_Other,Other,Other,Explicit,Explicit
24,3036,0.4929136311830458,Explicit_Other,Explicit_Other,Other,Other,Explicit,Explicit
25,3037,0.5408386449855765,Explicit_Other,Explicit_Other,Other,Other,Explicit,Explicit
26,3038,0.449263395086903,Explicit_Other,Explicit_Other,Other,Other,Explicit,Explicit
27,3039,0.5211560074940884,Explicit_Other,Explicit_Other,Other,Other,Explicit,Explicit
28,3040,0.5204751794150528,Explicit_Other,Explicit_Other,Other,Other,Explicit,Explicit
29,3041,0.5268637964290138,Explicit_Other,Explicit_Other,Other,Other,Explicit,Explicit
30,3042,0.5056264509934756,Explicit_Other,Explicit_Other,Other,Other,Explicit,Explicit
31,3043,0.45358359191858694,Explicit_Other,Explicit_Other,Other,Other,Explicit,Explicit
32,3044,0.484972579363432,Explicit_Other,Explicit_Other,Other,Other,Explicit,Explicit
33,3045,0.5358051256847128,Explicit_Other,Explicit_Other,Other,Other,Explicit,Explicit
34,3046,0.5085871448855315,Explicit_Other,Explicit_Other,Other,Other,Explicit,Explicit
35,31001,0.5671677527356829,Explicit_Other,Explicit_Other,Other,Other,Explicit,Explicit
36,31002,0.5487373486088662,Explicit_Other,Explicit_Other,Other,Other,Explicit,Explicit
37,31005,0.588376912829288,Explicit_Other,Explicit_Other,Other,Other,Explicit,Explicit
38,31007,0.5621987099080922,Explicit_Other,Explicit_Other,Other,Other,Explicit,Explicit
39,31008,0.5791120736285243,Explicit_Other,Explicit_Other,Other,Other,Explicit,Explicit
40,31009,0.4589683825507604,Explicit_Other,Explicit_Other,Other,Other,Explicit,Explicit
41,31010,0.5466608302497665,Explicit_Other,Explicit_Other,Other,Other,Explicit,Explicit
42,31011,0.5732175925925925,Explicit_Other,Explicit_Other,Other,Other,Explicit,Explicit
43,31012,0.5577071673562902,Explicit_Other,Explicit_Other,Other,Other,Explicit,Explicit
44,31013,0.5064759062620864,Explicit_Other,Explicit_Other,Other,Other,Explicit,Explicit
45,31014,0.5290046296296296,Explicit_Other,Explicit_Other,Other,Other,Explicit,Explicit
46,31015,0.4745451600142216,Explicit_Other,Explicit_Other,Other,Other,Explicit,Explicit
47,31016,0.5470404737173579,Explicit_Other,Explicit_Other,Other,Other,Explicit,Explicit
48,31017,0.5186898288727255,Explicit_Other,Explicit_Other,Other,Other,Explicit,Explicit
49,31018,0.5633340538373081,Explicit_Other,Explicit_Other,Other,Other,Explicit,Explicit
50,31019,0.5595447104922862,Explicit_Other,Explicit_Other,Other,Other,Explicit,Explicit
51,31020,0.5193572024346699,Explicit_Other,Explicit_Other,Other,Other,Explicit,Explicit
52,31021,0.4943287037037037,Explicit_Other,Explicit_Other,Other,Other,Explicit,Explicit
53,31022,0.5316827240921688,Explicit_Other,Explicit_Other,Other,Other,Explicit,Explicit
54,31023,0.5513747793756428,Explicit_Other,Explicit_Other,Other,Other,Explicit,Explicit
55,31025,0.5334091237610804,Explicit_Other,Explicit_Other,Other,Other,Explicit,Explicit
56,31026,0.47644071078540895,Explicit_Other,Explicit_Other,Other,Other,Explicit,Explicit
57,31027,0.5660467843001576,Explicit_Other,Explicit_Other,Other,Other,Explicit,Explicit
58,31029,0.4825810185185184,Explicit_Other,Explicit_Other,Other,Other,Explicit,Explicit
59,31032,0.5438366498945963,Explicit_Other,Explicit_Other,Other,Other,Explicit,Explicit
60,31033,0.5530208333333333,Explicit_Other,Explicit_Other,Other,Other,Explicit,Explicit
61,31034,0.5806886113791485,Explicit_Other,Explicit_Other,Other,Other,Explicit,Explicit
62,31035,0.48199366915524927,Explicit_Other,Explicit_Other,Other,Other,Explicit,Explicit
63,31036,0.5223302810648157,Explicit_Other,Explicit_Other,Other,Other,Explicit,Explicit
64,31037,0.5354311459590809,Explicit_Other,Explicit_Other,Other,Other,Explicit,Explicit
65,31038,0.46709933389557284,Explicit_Other,Explicit_Other,Other,Other,Explicit,Explicit
66,31039,0.47091866698578605,Explicit_Other,Explicit_Other,Other,Other,Explicit,Explicit
67,31040,0.5604246840367558,Explicit_Other,Explicit_Other,Other,Other,Explicit,Explicit
68,31041,0.530625,Explicit_Other,Explicit_Other,Other,Other,Explicit,Explicit
69,31042,0.6094330784686824,Explicit_Other,Explicit_Other,Other,Other,Explicit,Explicit
70,31043,0.4884490740740741,Explicit_Other,Explicit_Other,Other,Other,Explicit,Explicit
71,31044,0.5154315609558576,Explicit_Other,Explicit_Other,Other,Other,Explicit,Explicit
72,31045,0.5443217012682485,Explicit_Other,Explicit_Other,Other,Other,Explicit,Explicit
73,31046,0.5492899170581599,Explicit_Other,Explicit_Other,Other,Other,Explicit,Explicit
74,31047,0.5133900678369777,Explicit_Other,Explicit_Other,Other,Other,Explicit,Explicit
75,31048,0.5751786349128215,Explicit_Other,Explicit_Other,Other,Other,Explicit,Explicit
76,31049,0.5276169248857582,Explicit_Other,Explicit_Other,Other,Other,Explicit,Explicit
77,31050,0.5234118089435023,Explicit_Other,Explicit_Other,Other,Other,Explicit,Explicit
78,31051,0.5059740442827599,Explicit_Other,Explicit_Other,Other,Other,Explicit,Explicit
79,31052,0.6391241921095445,Explicit_Other,Explicit_Other,Other,Other,Explicit,Explicit
80,31055,0.5217746739431685,Explicit_Other,Explicit_Other,Other,Other,Explicit,Explicit
81,31056,0.5210879629629631,Explicit_Other,Explicit_Other,Other,Other,Explicit,Explicit
82,31057,0.6202962128468111,Explicit_Other,Explicit_Other,Other,Other,Explicit,Explicit
83,31058,0.6013828530753126,Explicit_Other,Explicit_Other,Other,Other,Explicit,Explicit
84,31059,0.5504320347385816,Explicit_Other,Explicit_Other,Other,Other,Explicit,Explicit
85,31060,0.5441540772515422,Explicit_Other,Explicit_Other,Other,Other,Explicit,Explicit
86,31061,0.5091087962962964,Explicit_Other,Explicit_Other,Other,Other,Explicit,Explicit
87,31062,0.5395895115199418,Explicit_Other,Explicit_Other,Other,Other,Explicit,Explicit
88,31063,0.5474421296296296,Explicit_Other,Explicit_Other,Other,Other,Explicit,Explicit
89,31064,0.5622464048380859,Explicit_Other,Explicit_Other,Other,Other,Explicit,Explicit
90,31065,0.5285844246474215,Explicit_Other,Explicit_Other,Other,Other,Explicit,Explicit
0,3010,0.46348820478194175,Explicit_Self,Explicit_Self,Self,Self,Explicit,Explicit
1,3011,0.5357636634312231,Explicit_Self,Explicit_Self,Self,Self,Explicit,Explicit
2,3012,0.5242253085563581,Explicit_Self,Explicit_Self,Self,Self,Explicit,Explicit
3,3013,0.5602165404830369,Explicit_Self,Explicit_Self,Self,Self,Explicit,Explicit
4,3014,0.48946217051408875,Explicit_Self,Explicit_Self,Self,Self,Explicit,Explicit
5,3015,0.6286377709884348,Explicit_Self,Explicit_Self,Self,Self,Explicit,Explicit
6,3016,0.4923440304031336,Explicit_Self,Explicit_Self,Self,Self,Explicit,Explicit
7,3017,0.5930796016266102,Explicit_Self,Explicit_Self,Self,Self,Explicit,Explicit
8,3018,0.4115467106886643,Explicit_Self,Explicit_Self,Self,Self,Explicit,Explicit
9,3019,0.5564104886033253,Explicit_Self,Explicit_Self,Self,Self,Explicit,Explicit
10,3020,0.574190042771002,Explicit_Self,Explicit_Self,Self,Self,Explicit,Explicit
11,3021,0.5468231980784962,Explicit_Self,Explicit_Self,Self,Self,Explicit,Explicit
12,3022,0.46173867266807345,Explicit_Self,Explicit_Self,Self,Self,Explicit,Explicit
13,3023,0.5692569840620815,Explicit_Self,Explicit_Self,Self,Self,Explicit,Explicit
14,3024,0.5580845971516633,Explicit_Self,Explicit_Self,Self,Self,Explicit,Explicit
15,3025,0.5047649820851343,Explicit_Self,Explicit_Self,Self,Self,Explicit,Explicit
16,3026,0.5156177228553361,Explicit_Self,Explicit_Self,Self,Self,Explicit,Explicit
17,3027,0.543217286914766,Explicit_Self,Explicit_Self,Self,Self,Explicit,Explicit
18,3028,0.47108140563409356,Explicit_Self,Explicit_Self,Self,Self,Explicit,Explicit
19,3029,0.5422598800058914,Explicit_Self,Explicit_Self,Self,Self,Explicit,Explicit
20,3030,0.424447884881282,Explicit_Self,Explicit_Self,Self,Self,Explicit,Explicit
21,3032,0.5207045741348902,Explicit_Self,Explicit_Self,Self,Self,Explicit,Explicit
22,3033,0.5624384913631064,Explicit_Self,Explicit_Self,Self,Self,Explicit,Explicit
23,3034,0.48613544203812303,Explicit_Self,Explicit_Self,Self,Self,Explicit,Explicit
24,3036,0.524707711933507,Explicit_Self,Explicit_Self,Self,Self,Explicit,Explicit
25,3037,0.6074882300718835,Explicit_Self,Explicit_Self,Self,Self,Explicit,Explicit
26,3038,0.4856533904096864,Explicit_Self,Explicit_Self,Self,Self,Explicit,Explicit
27,3039,0.6230130331007524,Explicit_Self,Explicit_Self,Self,Self,Explicit,Explicit
28,3040,0.5574475736252412,Explicit_Self,Explicit_Self,Self,Self,Explicit,Explicit
29,3041,0.5205420758019291,Explicit_Self,Explicit_Self,Self,Self,Explicit,Explicit
30,3042,0.5011172119857408,Explicit_Self,Explicit_Self,Self,Self,Explicit,Explicit
31,3043,0.5299542864565631,Explicit_Self,Explicit_Self,Self,Self,Explicit,Explicit
32,3044,0.5290960221542031,Explicit_Self,Explicit_Self,Self,Self,Explicit,Explicit
33,3045,0.6208194109745313,Explicit_Self,Explicit_Self,Self,Self,Explicit,Explicit
34,3046,0.47678997864736505,Explicit_Self,Explicit_Self,Self,Self,Explicit,Explicit
35,31001,0.5661313723536835,Explicit_Self,Explicit_Self,Self,Self,Explicit,Explicit
36,31002,0.527533363415101,Explicit_Self,Explicit_Self,Self,Self,Explicit,Explicit
37,31005,0.5465354989882673,Explicit_Self,Explicit_Self,Self,Self,Explicit,Explicit
38,31007,0.46690380475760734,Explicit_Self,Explicit_Self,Self,Self,Explicit,Explicit
39,31008,0.573468588969758,Explicit_Self,Explicit_Self,Self,Self,Explicit,Explicit
40,31009,0.49540361821158035,Explicit_Self,Explicit_Self,Self,Self,Explicit,Explicit
41,31010,0.45135664111502555,Explicit_Self,Explicit_Self,Self,Self,Explicit,Explicit
42,31011,0.5069645884853243,Explicit_Self,Explicit_Self,Self,Self,Explicit,Explicit
43,31012,0.5205182595711934,Explicit_Self,Explicit_Self,Self,Self,Explicit,Explicit
44,31013,0.6284605969365648,Explicit_Self,Explicit_Self,Self,Self,Explicit,Explicit
45,31014,0.5713888888888888,Explicit_Self,Explicit_Self,Self,Self,Explicit,Explicit
46,31015,0.5130102209479847,Explicit_Self,Explicit_Self,Self,Self,Explicit,Explicit
47,31016,0.5475462962962964,Explicit_Self,Explicit_Self,Self,Self,Explicit,Explicit
48,31017,0.5291367802351066,Explicit_Self,Explicit_Self,Self,Self,Explicit,Explicit
49,31018,0.5478498037633132,Explicit_Self,Explicit_Self,Self,Self,Explicit,Explicit
50,31019,0.5303317526450501,Explicit_Self,Explicit_Self,Self,Self,Explicit,Explicit
51,31020,0.540949074074074,Explicit_Self,Explicit_Self,Self,Self,Explicit,Explicit
52,31021,0.5213194444444444,Explicit_Self,Explicit_Self,Self,Self,Explicit,Explicit
53,31022,0.4841999665975177,Explicit_Self,Explicit_Self,Self,Self,Explicit,Explicit
54,31023,0.5370370370370371,Explicit_Self,Explicit_Self,Self,Self,Explicit,Explicit
55,31025,0.6196736852293407,Explicit_Self,Explicit_Self,Self,Self,Explicit,Explicit
56,31026,0.536571288042686,Explicit_Self,Explicit_Self,Self,Self,Explicit,Explicit
57,31027,0.58891770689814,Explicit_Self,Explicit_Self,Self,Self,Explicit,Explicit
58,31029,0.5226827179389605,Explicit_Self,Explicit_Self,Self,Self,Explicit,Explicit
59,31032,0.5307175925925925,Explicit_Self,Explicit_Self,Self,Self,Explicit,Explicit
60,31033,0.5765409627730765,Explicit_Self,Explicit_Self,Self,Self,Explicit,Explicit
61,31034,0.5105249232461346,Explicit_Self,Explicit_Self,Self,Self,Explicit,Explicit
62,31035,0.5491106046938549,Explicit_Self,Explicit_Self,Self,Self,Explicit,Explicit
63,31036,0.5870448512689835,Explicit_Self,Explicit_Self,Self,Self,Explicit,Explicit
64,31037,0.6070428171268507,Explicit_Self,Explicit_Self,Self,Self,Explicit,Explicit
65,31038,0.5746061778965421,Explicit_Self,Explicit_Self,Self,Self,Explicit,Explicit
66,31039,0.6323500233426703,Explicit_Self,Explicit_Self,Self,Self,Explicit,Explicit
67,31040,0.5093176322132758,Explicit_Self,Explicit_Self,Self,Self,Explicit,Explicit
68,31041,0.5628392517564277,Explicit_Self,Explicit_Self,Self,Self,Explicit,Explicit
69,31042,0.537800925925926,Explicit_Self,Explicit_Self,Self,Self,Explicit,Explicit
70,31043,0.5814588543998022,Explicit_Self,Explicit_Self,Self,Self,Explicit,Explicit
71,31044,0.543430283549961,Explicit_Self,Explicit_Self,Self,Self,Explicit,Explicit
72,31045,0.4616782407407407,Explicit_Self,Explicit_Self,Self,Self,Explicit,Explicit
73,31046,0.5067250575264973,Explicit_Self,Explicit_Self,Self,Self,Explicit,Explicit
74,31047,0.5700699533436238,Explicit_Self,Explicit_Self,Self,Self,Explicit,Explicit
75,31048,0.5691311976768109,Explicit_Self,Explicit_Self,Self,Self,Explicit,Explicit
76,31049,0.4758999802311068,Explicit_Self,Explicit_Self,Self,Self,Explicit,Explicit
77,31050,0.555232681684207,Explicit_Self,Explicit_Self,Self,Self,Explicit,Explicit
78,31051,0.5967322239630315,Explicit_Self,Explicit_Self,Self,Self,Explicit,Explicit
79,31052,0.5287696399403862,Explicit_Self,Explicit_Self,Self,Self,Explicit,Explicit
80,31055,0.6093422622313858,Explicit_Self,Explicit_Self,Self,Self,Explicit,Explicit
81,31056,0.5009726277516656,Explicit_Self,Explicit_Self,Self,Self,Explicit,Explicit
82,31057,0.49956611404649903,Explicit_Self,Explicit_Self,Self,Self,Explicit,Explicit
83,31058,0.553239259441573,Explicit_Self,Explicit_Self,Self,Self,Explicit,Explicit
84,31059,0.5437012442754553,Explicit_Self,Explicit_Self,Self,Self,Explicit,Explicit
85,31060,0.5515484296926582,Explicit_Self,Explicit_Self,Self,Self,Explicit,Explicit
86,31061,0.5137036857978896,Explicit_Self,Explicit_Self,Self,Self,Explicit,Explicit
87,31062,0.5496180555555555,Explicit_Self,Explicit_Self,Self,Self,Explicit,Explicit
88,31063,0.5097249080943396,Explicit_Self,Explicit_Self,Self,Self,Explicit,Explicit
89,31064,0.49493294779114533,Explicit_Self,Explicit_Self,Self,Self,Explicit,Explicit
90,31065,0.5725771749531493,Explicit_Self,Explicit_Self,Self,Self,Explicit,Explicit
0,4101,0.4762157285944908,Implicit_Other,Implicit_Other,Other,Other,Implicit,Implicit
1,4102,0.47661483253588516,Implicit_Other,Implicit_Other,Other,Other,Implicit,Implicit
2,4103,0.5026534547575836,Implicit_Other,Implicit_Other,Other,Other,Implicit,Implicit
3,4104,0.5084485549544494,Implicit_Other,Implicit_Other,Other,Other,Implicit,Implicit
4,4105,0.49884519662905746,Implicit_Other,Implicit_Other,Other,Other,Implicit,Implicit
5,4106,0.5080092592592592,Implicit_Other,Implicit_Other,Other,Other,Implicit,Implicit
6,4107,0.5639736638366973,Implicit_Other,Implicit_Other,Other,Other,Implicit,Implicit
7,4108,0.4980497921942983,Implicit_Other,Implicit_Other,Other,Other,Implicit,Implicit
8,4109,0.4845014089431173,Implicit_Other,Implicit_Other,Other,Other,Implicit,Implicit
9,4110,0.5166412666201415,Implicit_Other,Implicit_Other,Other,Other,Implicit,Implicit
10,4111,0.44136408360714796,Implicit_Other,Implicit_Other,Other,Other,Implicit,Implicit
11,4112,0.4808978864888965,Implicit_Other,Implicit_Other,Other,Other,Implicit,Implicit
12,4113,0.4689419835730902,Implicit_Other,Implicit_Other,Other,Other,Implicit,Implicit
13,4115,0.41553232433925197,Implicit_Other,Implicit_Other,Other,Other,Implicit,Implicit
14,4116,0.4963031462585034,Implicit_Other,Implicit_Other,Other,Other,Implicit,Implicit
15,4117,0.48830136574403776,Implicit_Other,Implicit_Other,Other,Other,Implicit,Implicit
16,4118,0.528972012533827,Implicit_Other,Implicit_Other,Other,Other,Implicit,Implicit
17,4119,0.5102142654512768,Implicit_Other,Implicit_Other,Other,Other,Implicit,Implicit
18,4121,0.5512127857522594,Implicit_Other,Implicit_Other,Other,Other,Implicit,Implicit
19,4122,0.5170322366234629,Implicit_Other,Implicit_Other,Other,Other,Implicit,Implicit
20,4123,0.4670608089436376,Implicit_Other,Implicit_Other,Other,Other,Implicit,Implicit
21,4124,0.4628103151722343,Implicit_Other,Implicit_Other,Other,Other,Implicit,Implicit
22,4125,0.48543637473298745,Implicit_Other,Implicit_Other,Other,Other,Implicit,Implicit
23,4126,0.5200078140754184,Implicit_Other,Implicit_Other,Other,Other,Implicit,Implicit
24,4127,0.5212550740345961,Implicit_Other,Implicit_Other,Other,Other,Implicit,Implicit
25,4128,0.49047101525408304,Implicit_Other,Implicit_Other,Other,Other,Implicit,Implicit
26,4129,0.49524639931496717,Implicit_Other,Implicit_Other,Other,Other,Implicit,Implicit
27,4130,0.5085244035448439,Implicit_Other,Implicit_Other,Other,Other,Implicit,Implicit
28,4132,0.4773102837475756,Implicit_Other,Implicit_Other,Other,Other,Implicit,Implicit
29,4143,0.4960438102164553,Implicit_Other,Implicit_Other,Other,Other,Implicit,Implicit
30,4144,0.47829562417001187,Implicit_Other,Implicit_Other,Other,Other,Implicit,Implicit
31,4145,0.5070504686027398,Implicit_Other,Implicit_Other,Other,Other,Implicit,Implicit
32,4146,0.5003677577529779,Implicit_Other,Implicit_Other,Other,Other,Implicit,Implicit
33,4147,0.49175358494304683,Implicit_Other,Implicit_Other,Other,Other,Implicit,Implicit
34,4148,0.4599168313029785,Implicit_Other,Implicit_Other,Other,Other,Implicit,Implicit
35,4149,0.5012062669177754,Implicit_Other,Implicit_Other,Other,Other,Implicit,Implicit
36,4150,0.5440972222222222,Implicit_Other,Implicit_Other,Other,Other,Implicit,Implicit
37,4151,0.5013336774752936,Implicit_Other,Implicit_Other,Other,Other,Implicit,Implicit
38,4152,0.5121424098162107,Implicit_Other,Implicit_Other,Other,Other,Implicit,Implicit
39,4153,0.5002741762110322,Implicit_Other,Implicit_Other,Other,Other,Implicit,Implicit
40,4154,0.5023581310787141,Implicit_Other,Implicit_Other,Other,Other,Implicit,Implicit
41,4155,0.49894573195732694,Implicit_Other,Implicit_Other,Other,Other,Implicit,Implicit
42,4156,0.5117345300161378,Implicit_Other,Implicit_Other,Other,Other,Implicit,Implicit
43,4157,0.49725888172561156,Implicit_Other,Implicit_Other,Other,Other,Implicit,Implicit
44,4158,0.509942752063556,Implicit_Other,Implicit_Other,Other,Other,Implicit,Implicit
45,4159,0.5116058763495483,Implicit_Other,Implicit_Other,Other,Other,Implicit,Implicit
46,4160,0.471469011750159,Implicit_Other,Implicit_Other,Other,Other,Implicit,Implicit
47,4161,0.4860061830010374,Implicit_Other,Implicit_Other,Other,Other,Implicit,Implicit
48,4162,0.4926318592945295,Implicit_Other,Implicit_Other,Other,Other,Implicit,Implicit
49,4163,0.4654934609859269,Implicit_Other,Implicit_Other,Other,Other,Implicit,Implicit
50,4164,0.4953911205802723,Implicit_Other,Implicit_Other,Other,Other,Implicit,Implicit
51,4165,0.5143919871920748,Implicit_Other,Implicit_Other,Other,Other,Implicit,Implicit
52,4166,0.4991199089863328,Implicit_Other,Implicit_Other,Other,Other,Implicit,Implicit
53,4167,0.46955684456789837,Implicit_Other,Implicit_Other,Other,Other,Implicit,Implicit
54,4168,0.5058226242883763,Implicit_Other,Implicit_Other,Other,Other,Implicit,Implicit
55,4169,0.4942516066024447,Implicit_Other,Implicit_Other,Other,Other,Implicit,Implicit
56,4170,0.5108523030839968,Implicit_Other,Implicit_Other,Other,Other,Implicit,Implicit
57,4171,0.5046064875615082,Implicit_Other,Implicit_Other,Other,Other,Implicit,Implicit
58,4172,0.46215362785166825,Implicit_Other,Implicit_Other,Other,Other,Implicit,Implicit
59,4213,0.5013608739278489,Implicit_Other,Implicit_Other,Other,Other,Implicit,Implicit
60,4215,0.512620737014197,Implicit_Other,Implicit_Other,Other,Other,Implicit,Implicit
61,4216,0.4619907151687313,Implicit_Other,Implicit_Other,Other,Other,Implicit,Implicit
62,4217,0.5314770154014753,Implicit_Other,Implicit_Other,Other,Other,Implicit,Implicit
63,4218,0.5332473838202506,Implicit_Other,Implicit_Other,Other,Other,Implicit,Implicit
64,4219,0.5390643453583163,Implicit_Other,Implicit_Other,Other,Other,Implicit,Implicit
65,4220,0.5311686209226195,Implicit_Other,Implicit_Other,Other,Other,Implicit,Implicit
66,4221,0.5810170447046094,Implicit_Other,Implicit_Other,Other,Other,Implicit,Implicit
67,4222,0.5261743439465864,Implicit_Other,Implicit_Other,Other,Other,Implicit,Implicit
68,4223,0.46708736576651333,Implicit_Other,Implicit_Other,Other,Other,Implicit,Implicit
69,4224,0.545435370475874,Implicit_Other,Implicit_Other,Other,Other,Implicit,Implicit
70,4225,0.5396041585256349,Implicit_Other,Implicit_Other,Other,Other,Implicit,Implicit
71,4226,0.5951147753920719,Implicit_Other,Implicit_Other,Other,Other,Implicit,Implicit
72,4227,0.5155390424087923,Implicit_Other,Implicit_Other,Other,Other,Implicit,Implicit
73,4228,0.4328262534847946,Implicit_Other,Implicit_Other,Other,Other,Implicit,Implicit
74,4229,0.4013417771951042,Implicit_Other,Implicit_Other,Other,Other,Implicit,Implicit
75,4230,0.5664898262816532,Implicit_Other,Implicit_Other,Other,Other,Implicit,Implicit
76,4231,0.5101722839957702,Implicit_Other,Implicit_Other,Other,Other,Implicit,Implicit
77,4232,0.5198229889384312,Implicit_Other,Implicit_Other,Other,Other,Implicit,Implicit
78,4233,0.5349268896253628,Implicit_Other,Implicit_Other,Other,Other,Implicit,Implicit
79,4234,0.4903898222798277,Implicit_Other,Implicit_Other,Other,Other,Implicit,Implicit
80,4235,0.553248028538113,Implicit_Other,Implicit_Other,Other,Other,Implicit,Implicit
81,4236,0.54003778082941,Implicit_Other,Implicit_Other,Other,Other,Implicit,Implicit
82,4237,0.5038434936825746,Implicit_Other,Implicit_Other,Other,Other,Implicit,Implicit
83,4238,0.46509445586449805,Implicit_Other,Implicit_Other,Other,Other,Implicit,Implicit
84,4239,0.526950966464832,Implicit_Other,Implicit_Other,Other,Other,Implicit,Implicit
85,4240,0.47579243325316467,Implicit_Other,Implicit_Other,Other,Other,Implicit,Implicit
86,4241,0.526576408195006,Implicit_Other,Implicit_Other,Other,Other,Implicit,Implicit
87,4242,0.4746919373737615,Implicit_Other,Implicit_Other,Other,Other,Implicit,Implicit
88,4243,0.40743899079595547,Implicit_Other,Implicit_Other,Other,Other,Implicit,Implicit
89,4244,0.5224815881295791,Implicit_Other,Implicit_Other,Other,Other,Implicit,Implicit
90,4246,0.5028515866747262,Implicit_Other,Implicit_Other,Other,Other,Implicit,Implicit
91,4250,0.5377432001363626,Implicit_Other,Implicit_Other,Other,Other,Implicit,Implicit
92,4252,0.5098848381129925,Implicit_Other,Implicit_Other,Other,Other,Implicit,Implicit
93,4254,0.5727595703317766,Implicit_Other,Implicit_Other,Other,Other,Implicit,Implicit
94,4255,0.5491193057186566,Implicit_Other,Implicit_Other,Other,Other,Implicit,Implicit
95,4257,0.47230293317934285,Implicit_Other,Implicit_Other,Other,Other,Implicit,Implicit
96,4258,0.4951133657274009,Implicit_Other,Implicit_Other,Other,Other,Implicit,Implicit
97,4259,0.5290041318680085,Implicit_Other,Implicit_Other,Other,Other,Implicit,Implicit
98,4260,0.5061408671827415,Implicit_Other,Implicit_Other,Other,Other,Implicit,Implicit
99,4261,0.460224274062689,Implicit_Other,Implicit_Other,Other,Other,Implicit,Implicit
100,4263,0.56760928153706,Implicit_Other,Implicit_Other,Other,Other,Implicit,Implicit
101,4265,0.447632755893795,Implicit_Other,Implicit_Other,Other,Other,Implicit,Implicit
102,4267,0.5366258729430086,Implicit_Other,Implicit_Other,Other,Other,Implicit,Implicit
103,4269,0.503099711711055,Implicit_Other,Implicit_Other,Other,Other,Implicit,Implicit
0,4101,0.5233209102850179,Implicit_Self,Implicit_Self,Self,Self,Implicit,Implicit
1,4102,0.4650686477255263,Implicit_Self,Implicit_Self,Self,Self,Implicit,Implicit
2,4103,0.5274991798380614,Implicit_Self,Implicit_Self,Self,Self,Implicit,Implicit
3,4104,0.5045745778450934,Implicit_Self,Implicit_Self,Self,Self,Implicit,Implicit
4,4105,0.5007153491661568,Implicit_Self,Implicit_Self,Self,Self,Implicit,Implicit
5,4106,0.4814285318647233,Implicit_Self,Implicit_Self,Self,Self,Implicit,Implicit
6,4107,0.5296260404697634,Implicit_Self,Implicit_Self,Self,Self,Implicit,Implicit
7,4108,0.5149276377217554,Implicit_Self,Implicit_Self,Self,Self,Implicit,Implicit
8,4109,0.5347613066388287,Implicit_Self,Implicit_Self,Self,Self,Implicit,Implicit
9,4110,0.5067977373374438,Implicit_Self,Implicit_Self,Self,Self,Implicit,Implicit
10,4111,0.5064973479964044,Implicit_Self,Implicit_Self,Self,Self,Implicit,Implicit
11,4112,0.481911373772759,Implicit_Self,Implicit_Self,Self,Self,Implicit,Implicit
12,4113,0.5108796296296296,Implicit_Self,Implicit_Self,Self,Self,Implicit,Implicit
13,4115,0.5119100523754913,Implicit_Self,Implicit_Self,Self,Self,Implicit,Implicit
14,4116,0.4718595396858567,Implicit_Self,Implicit_Self,Self,Self,Implicit,Implicit
15,4117,0.5545833333333333,Implicit_Self,Implicit_Self,Self,Self,Implicit,Implicit
16,4118,0.5032980423807941,Implicit_Self,Implicit_Self,Self,Self,Implicit,Implicit
17,4119,0.48063111895213595,Implicit_Self,Implicit_Self,Self,Self,Implicit,Implicit
18,4121,0.5231966822435602,Implicit_Self,Implicit_Self,Self,Self,Implicit,Implicit
19,4122,0.490787037037037,Implicit_Self,Implicit_Self,Self,Self,Implicit,Implicit
20,4123,0.5184241044520451,Implicit_Self,Implicit_Self,Self,Self,Implicit,Implicit
21,4124,0.48334062527007177,Implicit_Self,Implicit_Self,Self,Self,Implicit,Implicit
22,4125,0.5223448031047689,Implicit_Self,Implicit_Self,Self,Self,Implicit,Implicit
23,4126,0.46865047701780593,Implicit_Self,Implicit_Self,Self,Self,Implicit,Implicit
24,4127,0.4976794497488098,Implicit_Self,Implicit_Self,Self,Self,Implicit,Implicit
25,4128,0.5162096564711994,Implicit_Self,Implicit_Self,Self,Self,Implicit,Implicit
26,4129,0.5099639542799057,Implicit_Self,Implicit_Self,Self,Self,Implicit,Implicit
27,4130,0.5051341880341881,Implicit_Self,Implicit_Self,Self,Self,Implicit,Implicit
28,4132,0.5390353806826418,Implicit_Self,Implicit_Self,Self,Self,Implicit,Implicit
29,4143,0.48819434468203143,Implicit_Self,Implicit_Self,Self,Self,Implicit,Implicit
30,4144,0.4750469116190181,Implicit_Self,Implicit_Self,Self,Self,Implicit,Implicit
31,4145,0.5015012738230901,Implicit_Self,Implicit_Self,Self,Self,Implicit,Implicit
32,4146,0.4962282018165051,Implicit_Self,Implicit_Self,Self,Self,Implicit,Implicit
33,4147,0.5115920382776558,Implicit_Self,Implicit_Self,Self,Self,Implicit,Implicit
34,4148,0.49964966648898734,Implicit_Self,Implicit_Self,Self,Self,Implicit,Implicit
35,4149,0.5172946535390314,Implicit_Self,Implicit_Self,Self,Self,Implicit,Implicit
36,4150,0.46204609874408,Implicit_Self,Implicit_Self,Self,Self,Implicit,Implicit
37,4151,0.5122636810789641,Implicit_Self,Implicit_Self,Self,Self,Implicit,Implicit
38,4152,0.5156729739828129,Implicit_Self,Implicit_Self,Self,Self,Implicit,Implicit
39,4153,0.5024738898966041,Implicit_Self,Implicit_Self,Self,Self,Implicit,Implicit
40,4154,0.513648553327254,Implicit_Self,Implicit_Self,Self,Self,Implicit,Implicit
41,4155,0.5000605819955387,Implicit_Self,Implicit_Self,Self,Self,Implicit,Implicit
42,4156,0.5315338349526385,Implicit_Self,Implicit_Self,Self,Self,Implicit,Implicit
43,4157,0.5169950587594098,Implicit_Self,Implicit_Self,Self,Self,Implicit,Implicit
44,4158,0.5176762192387193,Implicit_Self,Implicit_Self,Self,Self,Implicit,Implicit
45,4159,0.5062020703239242,Implicit_Self,Implicit_Self,Self,Self,Implicit,Implicit
46,4160,0.5266862520616206,Implicit_Self,Implicit_Self,Self,Self,Implicit,Implicit
47,4161,0.4853036120501934,Implicit_Self,Implicit_Self,Self,Self,Implicit,Implicit
48,4162,0.49772445589114306,Implicit_Self,Implicit_Self,Self,Self,Implicit,Implicit
49,4163,0.5211536595467648,Implicit_Self,Implicit_Self,Self,Self,Implicit,Implicit
50,4164,0.48826563300247505,Implicit_Self,Implicit_Self,Self,Self,Implicit,Implicit
51,4165,0.49960395573556093,Implicit_Self,Implicit_Self,Self,Self,Implicit,Implicit
52,4166,0.5103158952947099,Implicit_Self,Implicit_Self,Self,Self,Implicit,Implicit
53,4167,0.4941681031550933,Implicit_Self,Implicit_Self,Self,Self,Implicit,Implicit
54,4168,0.5241433209695124,Implicit_Self,Implicit_Self,Self,Self,Implicit,Implicit
55,4169,0.4948118389801237,Implicit_Self,Implicit_Self,Self,Self,Implicit,Implicit
56,4170,0.48570560285743064,Implicit_Self,Implicit_Self,Self,Self,Implicit,Implicit
57,4171,0.4887938443521694,Implicit_Self,Implicit_Self,Self,Self,Implicit,Implicit
58,4172,0.49304292721608006,Implicit_Self,Implicit_Self,Self,Self,Implicit,Implicit
59,4213,0.5582572644865921,Implicit_Self,Implicit_Self,Self,Self,Implicit,Implicit
60,4215,0.52380639843106,Implicit_Self,Implicit_Self,Self,Self,Implicit,Implicit
61,4216,0.5137479829404256,Implicit_Self,Implicit_Self,Self,Self,Implicit,Implicit
62,4217,0.5624685438614802,Implicit_Self,Implicit_Self,Self,Self,Implicit,Implicit
63,4218,0.5755308937427018,Implicit_Self,Implicit_Self,Self,Self,Implicit,Implicit
64,4219,0.5478527917443128,Implicit_Self,Implicit_Self,Self,Self,Implicit,Implicit
65,4220,0.555601709987833,Implicit_Self,Implicit_Self,Self,Self,Implicit,Implicit
66,4221,0.5688277814410193,Implicit_Self,Implicit_Self,Self,Self,Implicit,Implicit
67,4222,0.5618223873793013,Implicit_Self,Implicit_Self,Self,Self,Implicit,Implicit
68,4223,0.45044574103355206,Implicit_Self,Implicit_Self,Self,Self,Implicit,Implicit
69,4224,0.5247003787568025,Implicit_Self,Implicit_Self,Self,Self,Implicit,Implicit
70,4225,0.5545820166618788,Implicit_Self,Implicit_Self,Self,Self,Implicit,Implicit
71,4226,0.5254245505576667,Implicit_Self,Implicit_Self,Self,Self,Implicit,Implicit
72,4227,0.5608777059608084,Implicit_Self,Implicit_Self,Self,Self,Implicit,Implicit
73,4228,0.5003645008876072,Implicit_Self,Implicit_Self,Self,Self,Implicit,Implicit
74,4229,0.4190342691203078,Implicit_Self,Implicit_Self,Self,Self,Implicit,Implicit
75,4230,0.5718719505418913,Implicit_Self,Implicit_Self,Self,Self,Implicit,Implicit
76,4231,0.543058035223941,Implicit_Self,Implicit_Self,Self,Self,Implicit,Implicit
77,4232,0.5499322956347473,Implicit_Self,Implicit_Self,Self,Self,Implicit,Implicit
78,4233,0.5631725803764783,Implicit_Self,Implicit_Self,Self,Self,Implicit,Implicit
79,4234,0.480084262151939,Implicit_Self,Implicit_Self,Self,Self,Implicit,Implicit
80,4235,0.447611894978236,Implicit_Self,Implicit_Self,Self,Self,Implicit,Implicit
81,4236,0.5836465582502662,Implicit_Self,Implicit_Self,Self,Self,Implicit,Implicit
82,4237,0.47430219528663237,Implicit_Self,Implicit_Self,Self,Self,Implicit,Implicit
83,4238,0.4879951980792317,Implicit_Self,Implicit_Self,Self,Self,Implicit,Implicit
84,4239,0.5754882372519714,Implicit_Self,Implicit_Self,Self,Self,Implicit,Implicit
85,4240,0.4926523847261633,Implicit_Self,Implicit_Self,Self,Self,Implicit,Implicit
86,4241,0.4533864632880893,Implicit_Self,Implicit_Self,Self,Self,Implicit,Implicit
87,4242,0.5098512219303885,Implicit_Self,Implicit_Self,Self,Self,Implicit,Implicit
88,4243,0.47315794709812486,Implicit_Self,Implicit_Self,Self,Self,Implicit,Implicit
89,4244,0.5313194978776604,Implicit_Self,Implicit_Self,Self,Self,Implicit,Implicit
90,4246,0.5250602986411894,Implicit_Self,Implicit_Self,Self,Self,Implicit,Implicit
91,4250,0.5166339095195102,Implicit_Self,Implicit_Self,Self,Self,Implicit,Implicit
92,4252,0.5604952735195491,Implicit_Self,Implicit_Self,Self,Self,Implicit,Implicit
93,4254,0.5970199143631563,Implicit_Self,Implicit_Self,Self,Self,Implicit,Implicit
94,4255,0.509981209737134,Implicit_Self,Implicit_Self,Self,Self,Implicit,Implicit
95,4257,0.5197812661338052,Implicit_Self,Implicit_Self,Self,Self,Implicit,Implicit
96,4258,0.48922308438295703,Implicit_Self,Implicit_Self,Self,Self,Implicit,Implicit
97,4259,0.5160732661093852,Implicit_Self,Implicit_Self,Self,Self,Implicit,Implicit
98,4260,0.5404227391439668,Implicit_Self,Implicit_Self,Self,Self,Implicit,Implicit
99,4261,0.4778094437645881,Implicit_Self,Implicit_Self,Self,Self,Implicit,Implicit
100,4263,0.6086071481495329,Implicit_Self,Implicit_Self,Self,Self,Implicit,Implicit
101,4265,0.44545613243348087,Implicit_Self,Implicit_Self,Self,Self,Implicit,Implicit
102,4267,0.49682624870745856,Implicit_Self,Implicit_Self,Self,Self,Implicit,Implicit
103,4269,0.5084798582942242,Implicit_Self,Implicit_Self,Self,Self,Implicit,Implicit
