,subID,score,source,target,Identity,Condition
0,1001,0.6203783888036911,Exp1a,Exp1a,None,None
1,1002,0.5569864601443549,Exp1a,Exp1a,None,None
2,1003,0.556350213723885,Exp1a,Exp1a,None,None
3,1004,0.4793272857597562,Exp1a,Exp1a,None,None
4,1005,0.5845693472647079,Exp1a,Exp1a,None,None
5,1006,0.45128225190472077,Exp1a,Exp1a,None,None
6,1007,0.5605672708413909,Exp1a,Exp1a,None,None
7,1008,0.45179925452474984,Exp1a,Exp1a,None,None
8,1009,0.4667468817222118,Exp1a,Exp1a,None,None
9,1010,0.47973741235053446,Exp1a,Exp1a,None,None
10,1012,0.5076392187161621,Exp1a,Exp1a,None,None
11,1013,0.5392132159622243,Exp1a,Exp1a,None,None
12,1014,0.48429124641480054,Exp1a,Exp1a,None,None
13,1015,0.4439372878866263,Exp1a,Exp1a,None,None
14,1016,0.5822858415331251,Exp1a,Exp1a,None,None
15,1017,0.5682210977844412,Exp1a,Exp1a,None,None
16,1019,0.49910162704779565,Exp1a,Exp1a,None,None
17,1021,0.44385365891546974,Exp1a,Exp1a,None,None
18,1022,0.5892547900429767,Exp1a,Exp1a,None,None
19,1023,0.5533941158149168,Exp1a,Exp1a,None,None
20,1024,0.5843711323401776,Exp1a,Exp1a,None,None
21,1025,0.5543098388861307,Exp1a,Exp1a,None,None
22,1026,0.4860135789386873,Exp1a,Exp1a,None,None
23,1027,0.5690760863463237,Exp1a,Exp1a,None,None
24,1028,0.5222911583490243,Exp1a,Exp1a,None,None
25,1029,0.5187797611022686,Exp1a,Exp1a,None,None
26,1030,0.4794090966822771,Exp1a,Exp1a,None,None
27,1031,0.6054709753469102,Exp1a,Exp1a,None,None
28,1032,0.572517448401955,Exp1a,Exp1a,None,None
29,1033,0.4019581782739678,Exp1a,Exp1a,None,None
30,1034,0.5100873311993787,Exp1a,Exp1a,None,None
31,1035,0.5743344993427892,Exp1a,Exp1a,None,None
32,1036,0.5202833725761676,Exp1a,Exp1a,None,None
33,1037,0.4970071454580753,Exp1a,Exp1a,None,None
34,1038,0.4831519522502499,Exp1a,Exp1a,None,None
35,1050,0.4807167843960521,Exp1a,Exp1a,None,None
36,1051,0.517312933497878,Exp1a,Exp1a,None,None
37,1054,0.5416488501860881,Exp1a,Exp1a,None,None
38,1055,0.4789190198584292,Exp1a,Exp1a,None,None
39,1061,0.5630677877775921,Exp1a,Exp1a,None,None
40,1062,0.4750942902703894,Exp1a,Exp1a,None,None
41,1063,0.5470920138888888,Exp1a,Exp1a,None,None
42,1064,0.47345564926660905,Exp1a,Exp1a,None,None
43,1067,0.5420480033078711,Exp1a,Exp1a,None,None
44,1068,0.54645025443704,Exp1a,Exp1a,None,None
45,1069,0.5117756216397238,Exp1a,Exp1a,None,None
46,1070,0.48861151084844856,Exp1a,Exp1a,None,None
47,1071,0.5346404590712949,Exp1a,Exp1a,None,None
48,1072,0.571766767030032,Exp1a,Exp1a,None,None
49,1074,0.571835612752238,Exp1a,Exp1a,None,None
50,1075,0.588602347629212,Exp1a,Exp1a,None,None
0,1101,0.5521208928226472,Exp1b,Exp1b,None,None
1,1102,0.5990719804871101,Exp1b,Exp1b,None,None
2,1103,0.5037373296429081,Exp1b,Exp1b,None,None
3,1104,0.5509954977978342,Exp1b,Exp1b,None,None
4,1106,0.5253717102274494,Exp1b,Exp1b,None,None
5,1107,0.5395198909557991,Exp1b,Exp1b,None,None
6,1108,0.5232466003840185,Exp1b,Exp1b,None,None
7,1113,0.5673144493504169,Exp1b,Exp1b,None,None
8,1114,0.5842456457912818,Exp1b,Exp1b,None,None
9,1115,0.543926129689984,Exp1b,Exp1b,None,None
10,1117,0.5390309846776846,Exp1b,Exp1b,None,None
11,1118,0.5194684157203618,Exp1b,Exp1b,None,None
12,1121,0.5675725034699394,Exp1b,Exp1b,None,None
13,1123,0.5227284385112597,Exp1b,Exp1b,None,None
14,1124,0.5616583780404817,Exp1b,Exp1b,None,None
15,1125,0.5496200771046383,Exp1b,Exp1b,None,None
16,1127,0.5392236484989475,Exp1b,Exp1b,None,None
17,1129,0.5377365087702747,Exp1b,Exp1b,None,None
18,1130,0.4916392463540507,Exp1b,Exp1b,None,None
19,1131,0.5451988665228621,Exp1b,Exp1b,None,None
20,1132,0.5269930374813485,Exp1b,Exp1b,None,None
21,1134,0.49839558208220525,Exp1b,Exp1b,None,None
22,1135,0.5821184358916409,Exp1b,Exp1b,None,None
23,1136,0.48878818767087084,Exp1b,Exp1b,None,None
24,1137,0.569335982657913,Exp1b,Exp1b,None,None
25,1138,0.5358144597542126,Exp1b,Exp1b,None,None
26,1139,0.5172509070648484,Exp1b,Exp1b,None,None
27,1141,0.516896720809536,Exp1b,Exp1b,None,None
28,1143,0.520830589157029,Exp1b,Exp1b,None,None
29,1144,0.3693101252028037,Exp1b,Exp1b,None,None
30,1148,0.5356334806695542,Exp1b,Exp1b,None,None
31,1149,0.5162548353112655,Exp1b,Exp1b,None,None
32,1150,0.5572067103325771,Exp1b,Exp1b,None,None
33,1152,0.4946311945112167,Exp1b,Exp1b,None,None
34,1153,0.5923258292953908,Exp1b,Exp1b,None,None
35,1155,0.5310754839192211,Exp1b,Exp1b,None,None
36,1156,0.5085159459774676,Exp1b,Exp1b,None,None
37,1157,0.5256773616179516,Exp1b,Exp1b,None,None
38,1160,0.5383357786997776,Exp1b,Exp1b,None,None
39,1161,0.548036081040688,Exp1b,Exp1b,None,None
40,1162,0.5489886934011071,Exp1b,Exp1b,None,None
41,1164,0.5014915431081182,Exp1b,Exp1b,None,None
42,1165,0.5513823634351566,Exp1b,Exp1b,None,None
43,1166,0.5200493721914957,Exp1b,Exp1b,None,None
44,1168,0.5032787271133414,Exp1b,Exp1b,None,None
45,1169,0.5727055799366554,Exp1b,Exp1b,None,None
46,1170,0.5320061484719748,Exp1b,Exp1b,None,None
47,1172,0.5372132374444627,Exp1b,Exp1b,None,None
48,1173,0.5449982449952607,Exp1b,Exp1b,None,None
49,1174,0.5598488038908607,Exp1b,Exp1b,None,None
50,1176,0.5681963097219289,Exp1b,Exp1b,None,None
51,1177,0.5400359153797659,Exp1b,Exp1b,None,None
0,1215,0.5985436469997127,Exp1c,Exp1c,None,None
1,1216,0.5248687986682222,Exp1c,Exp1c,None,None
2,1217,0.5492127530200674,Exp1c,Exp1c,None,None
3,1218,0.5095041243608814,Exp1c,Exp1c,None,None
4,1219,0.4866293135106204,Exp1c,Exp1c,None,None
5,1220,0.5820797102363794,Exp1c,Exp1c,None,None
6,1221,0.5277891633824378,Exp1c,Exp1c,None,None
7,1222,0.4732363533648754,Exp1c,Exp1c,None,None
8,1223,0.5277546296296297,Exp1c,Exp1c,None,None
9,1224,0.4408466601835462,Exp1c,Exp1c,None,None
10,1225,0.4399279109479273,Exp1c,Exp1c,None,None
11,1226,0.43591280682883315,Exp1c,Exp1c,None,None
12,1227,0.5276401482354749,Exp1c,Exp1c,None,None
13,1228,0.5791157740981822,Exp1c,Exp1c,None,None
14,1229,0.47155992340439007,Exp1c,Exp1c,None,None
15,1230,0.528804473963012,Exp1c,Exp1c,None,None
16,1231,0.5846683987935992,Exp1c,Exp1c,None,None
17,1232,0.4801132454046902,Exp1c,Exp1c,None,None
18,1233,0.4798508007624503,Exp1c,Exp1c,None,None
19,1234,0.4860658089804044,Exp1c,Exp1c,None,None
20,1235,0.5220646996909106,Exp1c,Exp1c,None,None
21,1236,0.5356211886257436,Exp1c,Exp1c,None,None
22,1237,0.4108690336635899,Exp1c,Exp1c,None,None
0,5201,0.45215689760878686,Exp5_Morality,Exp5_Morality,None,None
1,5202,0.5661154777385989,Exp5_Morality,Exp5_Morality,None,None
2,5203,0.5734110256398369,Exp5_Morality,Exp5_Morality,None,None
3,5204,0.5383485448522499,Exp5_Morality,Exp5_Morality,None,None
4,5205,0.5723188428197308,Exp5_Morality,Exp5_Morality,None,None
5,5206,0.547164891061027,Exp5_Morality,Exp5_Morality,None,None
6,5207,0.5149421296296296,Exp5_Morality,Exp5_Morality,None,None
7,5208,0.49830353356915885,Exp5_Morality,Exp5_Morality,None,None
8,5209,0.5798175448044663,Exp5_Morality,Exp5_Morality,None,None
9,5210,0.563189981875103,Exp5_Morality,Exp5_Morality,None,None
10,5211,0.5402803903988374,Exp5_Morality,Exp5_Morality,None,None
11,5212,0.5280965663810853,Exp5_Morality,Exp5_Morality,None,None
12,5213,0.5508399899507825,Exp5_Morality,Exp5_Morality,None,None
13,5215,0.5724062154448858,Exp5_Morality,Exp5_Morality,None,None
14,5216,0.5396527777777778,Exp5_Morality,Exp5_Morality,None,None
15,5217,0.5441652062359701,Exp5_Morality,Exp5_Morality,None,None
16,5218,0.5334110322070923,Exp5_Morality,Exp5_Morality,None,None
17,5219,0.6536488707025787,Exp5_Morality,Exp5_Morality,None,None
18,5220,0.4776961218977971,Exp5_Morality,Exp5_Morality,None,None
19,5221,0.5089138351471605,Exp5_Morality,Exp5_Morality,None,None
20,5222,0.6056974602649243,Exp5_Morality,Exp5_Morality,None,None
21,5223,0.4973890429600046,Exp5_Morality,Exp5_Morality,None,None
22,5225,0.5097513005998268,Exp5_Morality,Exp5_Morality,None,None
23,5226,0.524609205606929,Exp5_Morality,Exp5_Morality,None,None
24,5227,0.546186246477139,Exp5_Morality,Exp5_Morality,None,None
25,5228,0.5185118341272967,Exp5_Morality,Exp5_Morality,None,None
26,5229,0.4895172579508811,Exp5_Morality,Exp5_Morality,None,None
27,5230,0.5462610663590319,Exp5_Morality,Exp5_Morality,None,None
28,5231,0.7001607946828416,Exp5_Morality,Exp5_Morality,None,None
29,5233,0.4798209587156575,Exp5_Morality,Exp5_Morality,None,None
30,5234,0.4463007995326003,Exp5_Morality,Exp5_Morality,None,None
31,5235,0.5400497334449831,Exp5_Morality,Exp5_Morality,None,None
32,5236,0.5391303146098155,Exp5_Morality,Exp5_Morality,None,None
33,5237,0.5020954106280193,Exp5_Morality,Exp5_Morality,None,None
34,5238,0.5413407397577102,Exp5_Morality,Exp5_Morality,None,None
35,5239,0.5555045547630817,Exp5_Morality,Exp5_Morality,None,None
36,5240,0.5382216938379257,Exp5_Morality,Exp5_Morality,None,None
37,5242,0.5635107229934816,Exp5_Morality,Exp5_Morality,None,None
0,5201,0.5119823230611696,Exp5_Emotion,Exp5_Emotion,None,None
1,5202,0.5280704061357682,Exp5_Emotion,Exp5_Emotion,None,None
2,5203,0.5523564378550744,Exp5_Emotion,Exp5_Emotion,None,None
3,5204,0.49692741113181677,Exp5_Emotion,Exp5_Emotion,None,None
4,5205,0.484675991153912,Exp5_Emotion,Exp5_Emotion,None,None
5,5206,0.5516464640249406,Exp5_Emotion,Exp5_Emotion,None,None
6,5207,0.5254967398395899,Exp5_Emotion,Exp5_Emotion,None,None
7,5208,0.5357526909322571,Exp5_Emotion,Exp5_Emotion,None,None
8,5209,0.5040819484845895,Exp5_Emotion,Exp5_Emotion,None,None
9,5210,0.5454282407407406,Exp5_Emotion,Exp5_Emotion,None,None
10,5211,0.5040929272685365,Exp5_Emotion,Exp5_Emotion,None,None
11,5212,0.527361803341329,Exp5_Emotion,Exp5_Emotion,None,None
12,5213,0.5362583457371791,Exp5_Emotion,Exp5_Emotion,None,None
13,5215,0.5857481032859448,Exp5_Emotion,Exp5_Emotion,None,None
14,5216,0.5060956821926429,Exp5_Emotion,Exp5_Emotion,None,None
15,5217,0.4845745791355329,Exp5_Emotion,Exp5_Emotion,None,None
16,5218,0.6387131546098027,Exp5_Emotion,Exp5_Emotion,None,None
17,5219,0.4801448555280521,Exp5_Emotion,Exp5_Emotion,None,None
18,5220,0.48309912200174193,Exp5_Emotion,Exp5_Emotion,None,None
19,5221,0.5158943807648582,Exp5_Emotion,Exp5_Emotion,None,None
20,5222,0.5890421914859808,Exp5_Emotion,Exp5_Emotion,None,None
21,5223,0.5572252401658013,Exp5_Emotion,Exp5_Emotion,None,None
22,5225,0.5260004554491183,Exp5_Emotion,Exp5_Emotion,None,None
23,5226,0.6104782523354285,Exp5_Emotion,Exp5_Emotion,None,None
24,5227,0.5811541241754247,Exp5_Emotion,Exp5_Emotion,None,None
25,5228,0.5159944286133187,Exp5_Emotion,Exp5_Emotion,None,None
26,5229,0.5371054867244691,Exp5_Emotion,Exp5_Emotion,None,None
27,5230,0.5032783346372375,Exp5_Emotion,Exp5_Emotion,None,None
28,5231,0.40181899537920707,Exp5_Emotion,Exp5_Emotion,None,None
29,5233,0.47612516548865974,Exp5_Emotion,Exp5_Emotion,None,None
30,5234,0.5444648570725361,Exp5_Emotion,Exp5_Emotion,None,None
31,5235,0.4939930705308881,Exp5_Emotion,Exp5_Emotion,None,None
32,5236,0.5254446976647823,Exp5_Emotion,Exp5_Emotion,None,None
33,5237,0.5768723702777107,Exp5_Emotion,Exp5_Emotion,None,None
34,5238,0.5894500877694558,Exp5_Emotion,Exp5_Emotion,None,None
35,5239,0.5448162912305787,Exp5_Emotion,Exp5_Emotion,None,None
36,5240,0.5479861111111112,Exp5_Emotion,Exp5_Emotion,None,None
37,5242,0.5564606620344397,Exp5_Emotion,Exp5_Emotion,None,None
0,5201,0.5558962497428349,Exp5_Person,Exp5_Person,None,None
1,5202,0.5853389046220611,Exp5_Person,Exp5_Person,None,None
2,5203,0.5132529623750869,Exp5_Person,Exp5_Person,None,None
3,5204,0.5968151966669021,Exp5_Person,Exp5_Person,None,None
4,5205,0.6631150740173869,Exp5_Person,Exp5_Person,None,None
5,5206,0.5455894472499719,Exp5_Person,Exp5_Person,None,None
6,5207,0.6112304370413663,Exp5_Person,Exp5_Person,None,None
7,5208,0.6075531309159965,Exp5_Person,Exp5_Person,None,None
8,5209,0.5328613338856939,Exp5_Person,Exp5_Person,None,None
9,5210,0.5046766722136183,Exp5_Person,Exp5_Person,None,None
10,5211,0.5527443264614075,Exp5_Person,Exp5_Person,None,None
11,5212,0.5282942954029589,Exp5_Person,Exp5_Person,None,None
12,5213,0.5553519797312957,Exp5_Person,Exp5_Person,None,None
13,5215,0.5456972983266793,Exp5_Person,Exp5_Person,None,None
14,5216,0.5662615740740741,Exp5_Person,Exp5_Person,None,None
15,5217,0.5086228454306227,Exp5_Person,Exp5_Person,None,None
16,5218,0.530319352676434,Exp5_Person,Exp5_Person,None,None
17,5219,0.5929721675335711,Exp5_Person,Exp5_Person,None,None
18,5220,0.5337237188503011,Exp5_Person,Exp5_Person,None,None
19,5221,0.5129434676655285,Exp5_Person,Exp5_Person,None,None
20,5222,0.5475479000989583,Exp5_Person,Exp5_Person,None,None
21,5223,0.5412548983087367,Exp5_Person,Exp5_Person,None,None
22,5225,0.5223372443111209,Exp5_Person,Exp5_Person,None,None
23,5226,0.6200549959282843,Exp5_Person,Exp5_Person,None,None
24,5227,0.48120787014800476,Exp5_Person,Exp5_Person,None,None
25,5228,0.5286130799646006,Exp5_Person,Exp5_Person,None,None
26,5229,0.5507798551777755,Exp5_Person,Exp5_Person,None,None
27,5230,0.6099200364012259,Exp5_Person,Exp5_Person,None,None
28,5231,0.6088215972713901,Exp5_Person,Exp5_Person,None,None
29,5233,0.5091845495260251,Exp5_Person,Exp5_Person,None,None
30,5234,0.41599852315178026,Exp5_Person,Exp5_Person,None,None
31,5235,0.5417392696038529,Exp5_Person,Exp5_Person,None,None
32,5236,0.5842307842571556,Exp5_Person,Exp5_Person,None,None
33,5237,0.5685659111051554,Exp5_Person,Exp5_Person,None,None
34,5238,0.5384453924429137,Exp5_Person,Exp5_Person,None,None
35,5239,0.5261805555555555,Exp5_Person,Exp5_Person,None,None
36,5240,0.6125284272866764,Exp5_Person,Exp5_Person,None,None
37,5242,0.5253495621383631,Exp5_Person,Exp5_Person,None,None
0,5201,0.4930776537175694,Exp5_Scene,Exp5_Scene,None,None
1,5202,0.5685267629119766,Exp5_Scene,Exp5_Scene,None,None
2,5203,0.5601480080109041,Exp5_Scene,Exp5_Scene,None,None
3,5204,0.5313310185185186,Exp5_Scene,Exp5_Scene,None,None
4,5205,0.6154478120987054,Exp5_Scene,Exp5_Scene,None,None
5,5206,0.5533873793807977,Exp5_Scene,Exp5_Scene,None,None
6,5207,0.5908532869214631,Exp5_Scene,Exp5_Scene,None,None
7,5208,0.5404898484885765,Exp5_Scene,Exp5_Scene,None,None
8,5209,0.4924025682268145,Exp5_Scene,Exp5_Scene,None,None
9,5210,0.5989024526836365,Exp5_Scene,Exp5_Scene,None,None
10,5211,0.5817082278070004,Exp5_Scene,Exp5_Scene,None,None
11,5212,0.46725167403083967,Exp5_Scene,Exp5_Scene,None,None
12,5213,0.5395138888888887,Exp5_Scene,Exp5_Scene,None,None
13,5215,0.5534878447442793,Exp5_Scene,Exp5_Scene,None,None
14,5216,0.5064707186074716,Exp5_Scene,Exp5_Scene,None,None
15,5217,0.5613643827139402,Exp5_Scene,Exp5_Scene,None,None
16,5218,0.5833322800873835,Exp5_Scene,Exp5_Scene,None,None
17,5219,0.5163739607235733,Exp5_Scene,Exp5_Scene,None,None
18,5220,0.4993532423710027,Exp5_Scene,Exp5_Scene,None,None
19,5221,0.5643732944437163,Exp5_Scene,Exp5_Scene,None,None
20,5222,0.5250387216659317,Exp5_Scene,Exp5_Scene,None,None
21,5223,0.550302561167273,Exp5_Scene,Exp5_Scene,None,None
22,5225,0.5587133894119684,Exp5_Scene,Exp5_Scene,None,None
23,5226,0.6237291889086506,Exp5_Scene,Exp5_Scene,None,None
24,5227,0.49122880386707823,Exp5_Scene,Exp5_Scene,None,None
25,5228,0.5388861430585931,Exp5_Scene,Exp5_Scene,None,None
26,5229,0.5140542746646376,Exp5_Scene,Exp5_Scene,None,None
27,5230,0.5788147662698062,Exp5_Scene,Exp5_Scene,None,None
28,5231,0.5744053499313077,Exp5_Scene,Exp5_Scene,None,None
29,5233,0.5303832202337002,Exp5_Scene,Exp5_Scene,None,None
30,5234,0.46677658227028956,Exp5_Scene,Exp5_Scene,None,None
31,5235,0.5774184995106666,Exp5_Scene,Exp5_Scene,None,None
32,5236,0.4885552877005868,Exp5_Scene,Exp5_Scene,None,None
33,5237,0.6731556429232192,Exp5_Scene,Exp5_Scene,None,None
34,5238,0.5503885342343832,Exp5_Scene,Exp5_Scene,None,None
35,5239,0.5043523092640124,Exp5_Scene,Exp5_Scene,None,None
36,5240,0.5047251103831363,Exp5_Scene,Exp5_Scene,None,None
37,5242,0.557989004527892,Exp5_Scene,Exp5_Scene,None,None
0,3010,0.5188202898064934,Exp3a_other,Exp3a_other,Other,Explicit
1,3011,0.5297023913339541,Exp3a_other,Exp3a_other,Other,Explicit
2,3012,0.46610338620918795,Exp3a_other,Exp3a_other,Other,Explicit
3,3013,0.45364930244122453,Exp3a_other,Exp3a_other,Other,Explicit
4,3014,0.5091901950310366,Exp3a_other,Exp3a_other,Other,Explicit
5,3015,0.4898657513653844,Exp3a_other,Exp3a_other,Other,Explicit
6,3016,0.5856439477080077,Exp3a_other,Exp3a_other,Other,Explicit
7,3017,0.5249801191663106,Exp3a_other,Exp3a_other,Other,Explicit
8,3018,0.5624867790066027,Exp3a_other,Exp3a_other,Other,Explicit
9,3019,0.46045857137581964,Exp3a_other,Exp3a_other,Other,Explicit
10,3020,0.4503238602851265,Exp3a_other,Exp3a_other,Other,Explicit
11,3021,0.46483033163521137,Exp3a_other,Exp3a_other,Other,Explicit
12,3022,0.511088041043745,Exp3a_other,Exp3a_other,Other,Explicit
13,3023,0.5070525286534956,Exp3a_other,Exp3a_other,Other,Explicit
14,3024,0.522042220311243,Exp3a_other,Exp3a_other,Other,Explicit
15,3025,0.5088133309082987,Exp3a_other,Exp3a_other,Other,Explicit
16,3026,0.5509351437281708,Exp3a_other,Exp3a_other,Other,Explicit
17,3027,0.5398190895559968,Exp3a_other,Exp3a_other,Other,Explicit
18,3028,0.619540239350022,Exp3a_other,Exp3a_other,Other,Explicit
19,3029,0.4368259156077468,Exp3a_other,Exp3a_other,Other,Explicit
20,3030,0.650230017871919,Exp3a_other,Exp3a_other,Other,Explicit
21,3032,0.46817858385582706,Exp3a_other,Exp3a_other,Other,Explicit
22,3033,0.4552002724273079,Exp3a_other,Exp3a_other,Other,Explicit
23,3034,0.5331851844678748,Exp3a_other,Exp3a_other,Other,Explicit
24,3036,0.5460669985780574,Exp3a_other,Exp3a_other,Other,Explicit
25,3037,0.5203207291548887,Exp3a_other,Exp3a_other,Other,Explicit
26,3038,0.5100738315076813,Exp3a_other,Exp3a_other,Other,Explicit
27,3039,0.4887524581864912,Exp3a_other,Exp3a_other,Other,Explicit
28,3040,0.4540998743794103,Exp3a_other,Exp3a_other,Other,Explicit
29,3041,0.519596913458806,Exp3a_other,Exp3a_other,Other,Explicit
30,3042,0.6190130457277703,Exp3a_other,Exp3a_other,Other,Explicit
31,3043,0.5233154829366197,Exp3a_other,Exp3a_other,Other,Explicit
32,3044,0.6049457097588506,Exp3a_other,Exp3a_other,Other,Explicit
33,3045,0.5121255762361402,Exp3a_other,Exp3a_other,Other,Explicit
34,3046,0.5212586914963596,Exp3a_other,Exp3a_other,Other,Explicit
0,3010,0.5015559554058032,Exp3a_self,Exp3a_self,Self,Explicit
1,3011,0.5615908930598575,Exp3a_self,Exp3a_self,Self,Explicit
2,3012,0.5533809947982324,Exp3a_self,Exp3a_self,Self,Explicit
3,3013,0.5885689701528598,Exp3a_self,Exp3a_self,Self,Explicit
4,3014,0.6099558714706755,Exp3a_self,Exp3a_self,Self,Explicit
5,3015,0.6640450730439668,Exp3a_self,Exp3a_self,Self,Explicit
6,3016,0.5408248963482295,Exp3a_self,Exp3a_self,Self,Explicit
7,3017,0.6527869091971655,Exp3a_self,Exp3a_self,Self,Explicit
8,3018,0.3968342619302736,Exp3a_self,Exp3a_self,Self,Explicit
9,3019,0.5965078218890918,Exp3a_self,Exp3a_self,Self,Explicit
10,3020,0.6130447703383152,Exp3a_self,Exp3a_self,Self,Explicit
11,3021,0.5857760290091318,Exp3a_self,Exp3a_self,Self,Explicit
12,3022,0.45817278715817356,Exp3a_self,Exp3a_self,Self,Explicit
13,3023,0.6219123122421474,Exp3a_self,Exp3a_self,Self,Explicit
14,3024,0.6546213144876206,Exp3a_self,Exp3a_self,Self,Explicit
15,3025,0.5474755973087694,Exp3a_self,Exp3a_self,Self,Explicit
16,3026,0.5854637434964824,Exp3a_self,Exp3a_self,Self,Explicit
17,3027,0.5529035143469153,Exp3a_self,Exp3a_self,Self,Explicit
18,3028,0.5545619229865709,Exp3a_self,Exp3a_self,Self,Explicit
19,3029,0.5833082424325383,Exp3a_self,Exp3a_self,Self,Explicit
20,3030,0.4877835758081919,Exp3a_self,Exp3a_self,Self,Explicit
21,3032,0.5464568889497051,Exp3a_self,Exp3a_self,Self,Explicit
22,3033,0.6451352590778672,Exp3a_self,Exp3a_self,Self,Explicit
23,3034,0.5001162563103857,Exp3a_self,Exp3a_self,Self,Explicit
24,3036,0.5528649052666649,Exp3a_self,Exp3a_self,Self,Explicit
25,3037,0.7003423327268882,Exp3a_self,Exp3a_self,Self,Explicit
26,3038,0.5998669565773606,Exp3a_self,Exp3a_self,Self,Explicit
27,3039,0.612044956343202,Exp3a_self,Exp3a_self,Self,Explicit
28,3040,0.5781095904763952,Exp3a_self,Exp3a_self,Self,Explicit
29,3041,0.5405068950271948,Exp3a_self,Exp3a_self,Self,Explicit
30,3042,0.46509193180691843,Exp3a_self,Exp3a_self,Self,Explicit
31,3043,0.5278710263742875,Exp3a_self,Exp3a_self,Self,Explicit
32,3044,0.6482759988665793,Exp3a_self,Exp3a_self,Self,Explicit
33,3045,0.6275986715538365,Exp3a_self,Exp3a_self,Self,Explicit
34,3046,0.45784341983308363,Exp3a_self,Exp3a_self,Self,Explicit
0,31001,0.5660264035879344,Exp3b_other,Exp3b_other,Other,Explicit
1,31002,0.547568396296286,Exp3b_other,Exp3b_other,Other,Explicit
2,31005,0.5869792826475081,Exp3b_other,Exp3b_other,Other,Explicit
3,31007,0.5532370725834465,Exp3b_other,Exp3b_other,Other,Explicit
4,31008,0.5732514503700945,Exp3b_other,Exp3b_other,Other,Explicit
5,31009,0.5085209154283182,Exp3b_other,Exp3b_other,Other,Explicit
6,31010,0.5393118029552578,Exp3b_other,Exp3b_other,Other,Explicit
7,31011,0.5755439814814814,Exp3b_other,Exp3b_other,Other,Explicit
8,31012,0.5602765383467138,Exp3b_other,Exp3b_other,Other,Explicit
9,31013,0.5043243273599537,Exp3b_other,Exp3b_other,Other,Explicit
10,31014,0.533587962962963,Exp3b_other,Exp3b_other,Other,Explicit
11,31015,0.4791624708174309,Exp3b_other,Exp3b_other,Other,Explicit
12,31016,0.5323669275256004,Exp3b_other,Exp3b_other,Other,Explicit
13,31017,0.512710966739637,Exp3b_other,Exp3b_other,Other,Explicit
14,31018,0.5661780741497915,Exp3b_other,Exp3b_other,Other,Explicit
15,31019,0.5465176935488282,Exp3b_other,Exp3b_other,Other,Explicit
16,31020,0.5123806251928944,Exp3b_other,Exp3b_other,Other,Explicit
17,31021,0.4729976851851852,Exp3b_other,Exp3b_other,Other,Explicit
18,31022,0.5340850241713554,Exp3b_other,Exp3b_other,Other,Explicit
19,31023,0.548555947617607,Exp3b_other,Exp3b_other,Other,Explicit
20,31025,0.5327760881200457,Exp3b_other,Exp3b_other,Other,Explicit
21,31026,0.474087810496944,Exp3b_other,Exp3b_other,Other,Explicit
22,31027,0.5691543117330223,Exp3b_other,Exp3b_other,Other,Explicit
23,31029,0.47233796296296293,Exp3b_other,Exp3b_other,Other,Explicit
24,31032,0.5281191585080457,Exp3b_other,Exp3b_other,Other,Explicit
25,31033,0.5365625,Exp3b_other,Exp3b_other,Other,Explicit
26,31034,0.583827927306188,Exp3b_other,Exp3b_other,Other,Explicit
27,31035,0.4962846575171212,Exp3b_other,Exp3b_other,Other,Explicit
28,31036,0.5231612462066565,Exp3b_other,Exp3b_other,Other,Explicit
29,31037,0.5421010942731347,Exp3b_other,Exp3b_other,Other,Explicit
30,31038,0.4684823577155221,Exp3b_other,Exp3b_other,Other,Explicit
31,31039,0.4747847036352449,Exp3b_other,Exp3b_other,Other,Explicit
32,31040,0.566096732525218,Exp3b_other,Exp3b_other,Other,Explicit
33,31041,0.5183217592592593,Exp3b_other,Exp3b_other,Other,Explicit
34,31042,0.5988639198073789,Exp3b_other,Exp3b_other,Other,Explicit
35,31043,0.4946412037037038,Exp3b_other,Exp3b_other,Other,Explicit
36,31044,0.510266299013102,Exp3b_other,Exp3b_other,Other,Explicit
37,31045,0.5441001322975808,Exp3b_other,Exp3b_other,Other,Explicit
38,31046,0.5528925362892951,Exp3b_other,Exp3b_other,Other,Explicit
39,31047,0.5159758770031369,Exp3b_other,Exp3b_other,Other,Explicit
40,31048,0.5745438412464009,Exp3b_other,Exp3b_other,Other,Explicit
41,31049,0.5198019950030932,Exp3b_other,Exp3b_other,Other,Explicit
42,31050,0.4903462145395521,Exp3b_other,Exp3b_other,Other,Explicit
43,31051,0.5361099151304242,Exp3b_other,Exp3b_other,Other,Explicit
44,31052,0.633142692029485,Exp3b_other,Exp3b_other,Other,Explicit
45,31055,0.5256124686583311,Exp3b_other,Exp3b_other,Other,Explicit
46,31056,0.5156018518518519,Exp3b_other,Exp3b_other,Other,Explicit
47,31057,0.6172426990612768,Exp3b_other,Exp3b_other,Other,Explicit
48,31058,0.5995584369110389,Exp3b_other,Exp3b_other,Other,Explicit
49,31059,0.5471007719684805,Exp3b_other,Exp3b_other,Other,Explicit
50,31060,0.5415731983169837,Exp3b_other,Exp3b_other,Other,Explicit
51,31061,0.5162847222222222,Exp3b_other,Exp3b_other,Other,Explicit
52,31062,0.5369624592316752,Exp3b_other,Exp3b_other,Other,Explicit
53,31063,0.5492824074074075,Exp3b_other,Exp3b_other,Other,Explicit
54,31064,0.5020264172614652,Exp3b_other,Exp3b_other,Other,Explicit
55,31065,0.5317577026525854,Exp3b_other,Exp3b_other,Other,Explicit
0,31001,0.5415066131054932,Exp3b_self,Exp3b_self,Self,Explicit
1,31002,0.5189768096917986,Exp3b_self,Exp3b_self,Self,Explicit
2,31005,0.5406727376640422,Exp3b_self,Exp3b_self,Self,Explicit
3,31007,0.4832961706300372,Exp3b_self,Exp3b_self,Self,Explicit
4,31008,0.5461781748961788,Exp3b_self,Exp3b_self,Self,Explicit
5,31009,0.5046782764709788,Exp3b_self,Exp3b_self,Self,Explicit
6,31010,0.45931941400747744,Exp3b_self,Exp3b_self,Self,Explicit
7,31011,0.5229327330653322,Exp3b_self,Exp3b_self,Self,Explicit
8,31012,0.5150211475806211,Exp3b_self,Exp3b_self,Self,Explicit
9,31013,0.6305467437954843,Exp3b_self,Exp3b_self,Self,Explicit
10,31014,0.543125,Exp3b_self,Exp3b_self,Self,Explicit
11,31015,0.5160435975573107,Exp3b_self,Exp3b_self,Self,Explicit
12,31016,0.5891898148148148,Exp3b_self,Exp3b_self,Self,Explicit
13,31017,0.518903314463861,Exp3b_self,Exp3b_self,Self,Explicit
14,31018,0.5619325555080789,Exp3b_self,Exp3b_self,Self,Explicit
15,31019,0.5936561516655184,Exp3b_self,Exp3b_self,Self,Explicit
16,31020,0.5432175925925926,Exp3b_self,Exp3b_self,Self,Explicit
17,31021,0.5216319444444445,Exp3b_self,Exp3b_self,Self,Explicit
18,31022,0.5056777627368939,Exp3b_self,Exp3b_self,Self,Explicit
19,31023,0.533738425925926,Exp3b_self,Exp3b_self,Self,Explicit
20,31025,0.6245546289861584,Exp3b_self,Exp3b_self,Self,Explicit
21,31026,0.4959236407376834,Exp3b_self,Exp3b_self,Self,Explicit
22,31027,0.5356724067514326,Exp3b_self,Exp3b_self,Self,Explicit
23,31029,0.5220907531397948,Exp3b_self,Exp3b_self,Self,Explicit
24,31032,0.5318402777777778,Exp3b_self,Exp3b_self,Self,Explicit
25,31033,0.5167626841986365,Exp3b_self,Exp3b_self,Self,Explicit
26,31034,0.510349160850781,Exp3b_self,Exp3b_self,Self,Explicit
27,31035,0.5473869067400972,Exp3b_self,Exp3b_self,Self,Explicit
28,31036,0.563618695640559,Exp3b_self,Exp3b_self,Self,Explicit
29,31037,0.5364145658263305,Exp3b_self,Exp3b_self,Self,Explicit
30,31038,0.5575512806238255,Exp3b_self,Exp3b_self,Self,Explicit
31,31039,0.5998570261437908,Exp3b_self,Exp3b_self,Self,Explicit
32,31040,0.5191008969836192,Exp3b_self,Exp3b_self,Self,Explicit
33,31041,0.5371606109271546,Exp3b_self,Exp3b_self,Self,Explicit
34,31042,0.5675925925925925,Exp3b_self,Exp3b_self,Self,Explicit
35,31043,0.46821035161219077,Exp3b_self,Exp3b_self,Self,Explicit
36,31044,0.5403031958948153,Exp3b_self,Exp3b_self,Self,Explicit
37,31045,0.5030787037037038,Exp3b_self,Exp3b_self,Self,Explicit
38,31046,0.508970593118698,Exp3b_self,Exp3b_self,Self,Explicit
39,31047,0.5586967331378495,Exp3b_self,Exp3b_self,Self,Explicit
40,31048,0.5722047152194211,Exp3b_self,Exp3b_self,Self,Explicit
41,31049,0.4783644849512519,Exp3b_self,Exp3b_self,Self,Explicit
42,31050,0.5535616078617684,Exp3b_self,Exp3b_self,Self,Explicit
43,31051,0.5878557779043821,Exp3b_self,Exp3b_self,Self,Explicit
44,31052,0.5370806144939011,Exp3b_self,Exp3b_self,Self,Explicit
45,31055,0.6095863104097039,Exp3b_self,Exp3b_self,Self,Explicit
46,31056,0.5079115332573707,Exp3b_self,Exp3b_self,Self,Explicit
47,31057,0.5037632734678611,Exp3b_self,Exp3b_self,Self,Explicit
48,31058,0.5542868472354074,Exp3b_self,Exp3b_self,Self,Explicit
49,31059,0.536800194098652,Exp3b_self,Exp3b_self,Self,Explicit
50,31060,0.5394126339517675,Exp3b_self,Exp3b_self,Self,Explicit
51,31061,0.5813483029194941,Exp3b_self,Exp3b_self,Self,Explicit
52,31062,0.5189467592592593,Exp3b_self,Exp3b_self,Self,Explicit
53,31063,0.5113557696439804,Exp3b_self,Exp3b_self,Self,Explicit
54,31064,0.5040624309510688,Exp3b_self,Exp3b_self,Self,Explicit
55,31065,0.5767560811682138,Exp3b_self,Exp3b_self,Self,Explicit
0,4101,0.5034519091338854,Exp4a_other,Exp4a_other,Other,Implicit
1,4102,0.49520961494645704,Exp4a_other,Exp4a_other,Other,Implicit
2,4103,0.4851465049117046,Exp4a_other,Exp4a_other,Other,Implicit
3,4104,0.5255727295738194,Exp4a_other,Exp4a_other,Other,Implicit
4,4105,0.49848086299388744,Exp4a_other,Exp4a_other,Other,Implicit
5,4106,0.4507407407407407,Exp4a_other,Exp4a_other,Other,Implicit
6,4107,0.5229811375596651,Exp4a_other,Exp4a_other,Other,Implicit
7,4108,0.48300823105396457,Exp4a_other,Exp4a_other,Other,Implicit
8,4109,0.49342551966224635,Exp4a_other,Exp4a_other,Other,Implicit
9,4110,0.4996561422281686,Exp4a_other,Exp4a_other,Other,Implicit
10,4111,0.4984228863245285,Exp4a_other,Exp4a_other,Other,Implicit
11,4112,0.5136357276340627,Exp4a_other,Exp4a_other,Other,Implicit
12,4113,0.5160237541344221,Exp4a_other,Exp4a_other,Other,Implicit
13,4115,0.456109089076091,Exp4a_other,Exp4a_other,Other,Implicit
14,4116,0.5280789399092971,Exp4a_other,Exp4a_other,Other,Implicit
15,4117,0.5029724319106174,Exp4a_other,Exp4a_other,Other,Implicit
16,4118,0.48176047255060217,Exp4a_other,Exp4a_other,Other,Implicit
17,4119,0.5055599987695715,Exp4a_other,Exp4a_other,Other,Implicit
18,4121,0.5131925457583352,Exp4a_other,Exp4a_other,Other,Implicit
19,4122,0.5068599756286695,Exp4a_other,Exp4a_other,Other,Implicit
20,4123,0.48576482855683684,Exp4a_other,Exp4a_other,Other,Implicit
21,4124,0.4766200436460594,Exp4a_other,Exp4a_other,Other,Implicit
22,4125,0.50067342636003,Exp4a_other,Exp4a_other,Other,Implicit
23,4126,0.48209604470947487,Exp4a_other,Exp4a_other,Other,Implicit
24,4127,0.5287633702433839,Exp4a_other,Exp4a_other,Other,Implicit
25,4128,0.5039896440499788,Exp4a_other,Exp4a_other,Other,Implicit
26,4129,0.4989614834751724,Exp4a_other,Exp4a_other,Other,Implicit
27,4130,0.483251846936602,Exp4a_other,Exp4a_other,Other,Implicit
28,4132,0.5002320653818989,Exp4a_other,Exp4a_other,Other,Implicit
29,4143,0.49765798033601283,Exp4a_other,Exp4a_other,Other,Implicit
30,4144,0.49273166001551205,Exp4a_other,Exp4a_other,Other,Implicit
31,4145,0.5229103248132528,Exp4a_other,Exp4a_other,Other,Implicit
32,4146,0.4938458621819865,Exp4a_other,Exp4a_other,Other,Implicit
33,4147,0.5153265453153345,Exp4a_other,Exp4a_other,Other,Implicit
34,4148,0.5023474212938425,Exp4a_other,Exp4a_other,Other,Implicit
35,4149,0.47285606924840634,Exp4a_other,Exp4a_other,Other,Implicit
36,4150,0.45968749999999997,Exp4a_other,Exp4a_other,Other,Implicit
37,4151,0.5055783454798563,Exp4a_other,Exp4a_other,Other,Implicit
38,4152,0.49651064223773816,Exp4a_other,Exp4a_other,Other,Implicit
39,4153,0.4914294033105362,Exp4a_other,Exp4a_other,Other,Implicit
40,4154,0.49191691129112264,Exp4a_other,Exp4a_other,Other,Implicit
41,4155,0.5035266019599232,Exp4a_other,Exp4a_other,Other,Implicit
42,4156,0.5084213014599981,Exp4a_other,Exp4a_other,Other,Implicit
43,4157,0.5113596369691055,Exp4a_other,Exp4a_other,Other,Implicit
44,4158,0.45327874837592314,Exp4a_other,Exp4a_other,Other,Implicit
45,4159,0.5330299988844501,Exp4a_other,Exp4a_other,Other,Implicit
46,4160,0.5017202300755924,Exp4a_other,Exp4a_other,Other,Implicit
47,4161,0.5268204315167098,Exp4a_other,Exp4a_other,Other,Implicit
48,4162,0.5208018199770791,Exp4a_other,Exp4a_other,Other,Implicit
49,4163,0.5057508817620002,Exp4a_other,Exp4a_other,Other,Implicit
50,4164,0.5127345017992117,Exp4a_other,Exp4a_other,Other,Implicit
51,4165,0.5130902068080446,Exp4a_other,Exp4a_other,Other,Implicit
52,4166,0.4949095031872239,Exp4a_other,Exp4a_other,Other,Implicit
53,4167,0.4819506464932996,Exp4a_other,Exp4a_other,Other,Implicit
54,4168,0.5017743404571205,Exp4a_other,Exp4a_other,Other,Implicit
55,4169,0.4924986429099338,Exp4a_other,Exp4a_other,Other,Implicit
56,4170,0.4893038286400251,Exp4a_other,Exp4a_other,Other,Implicit
57,4171,0.49140916965114156,Exp4a_other,Exp4a_other,Other,Implicit
58,4172,0.5239230916986156,Exp4a_other,Exp4a_other,Other,Implicit
0,4101,0.51509796008799,Exp4a_self,Exp4a_self,Self,Implicit
1,4102,0.46196530498194804,Exp4a_self,Exp4a_self,Self,Implicit
2,4103,0.4883418972130789,Exp4a_self,Exp4a_self,Self,Implicit
3,4104,0.4964018673583608,Exp4a_self,Exp4a_self,Self,Implicit
4,4105,0.500807997760972,Exp4a_self,Exp4a_self,Self,Implicit
5,4106,0.48517166753707136,Exp4a_self,Exp4a_self,Self,Implicit
6,4107,0.5046800153280071,Exp4a_self,Exp4a_self,Self,Implicit
7,4108,0.5330197898368387,Exp4a_self,Exp4a_self,Self,Implicit
8,4109,0.5439493183182148,Exp4a_self,Exp4a_self,Self,Implicit
9,4110,0.519864142287873,Exp4a_self,Exp4a_self,Self,Implicit
10,4111,0.5109338081441526,Exp4a_self,Exp4a_self,Self,Implicit
11,4112,0.49119885178859407,Exp4a_self,Exp4a_self,Self,Implicit
12,4113,0.49967592592592586,Exp4a_self,Exp4a_self,Self,Implicit
13,4115,0.5321233636188393,Exp4a_self,Exp4a_self,Self,Implicit
14,4116,0.4725329954121478,Exp4a_self,Exp4a_self,Self,Implicit
15,4117,0.5896759259259259,Exp4a_self,Exp4a_self,Self,Implicit
16,4118,0.5017376442102265,Exp4a_self,Exp4a_self,Self,Implicit
17,4119,0.48709582992062234,Exp4a_self,Exp4a_self,Self,Implicit
18,4121,0.523036247423449,Exp4a_self,Exp4a_self,Self,Implicit
19,4122,0.49134259259259255,Exp4a_self,Exp4a_self,Self,Implicit
20,4123,0.4682442905599422,Exp4a_self,Exp4a_self,Self,Implicit
21,4124,0.49347461685823757,Exp4a_self,Exp4a_self,Self,Implicit
22,4125,0.5359310253053914,Exp4a_self,Exp4a_self,Self,Implicit
23,4126,0.4752825041953417,Exp4a_self,Exp4a_self,Self,Implicit
24,4127,0.5115558448845753,Exp4a_self,Exp4a_self,Self,Implicit
25,4128,0.5201027664134035,Exp4a_self,Exp4a_self,Self,Implicit
26,4129,0.5085319435367479,Exp4a_self,Exp4a_self,Self,Implicit
27,4130,0.5217324786324787,Exp4a_self,Exp4a_self,Self,Implicit
28,4132,0.517142314474199,Exp4a_self,Exp4a_self,Self,Implicit
29,4143,0.4698448832907817,Exp4a_self,Exp4a_self,Self,Implicit
30,4144,0.4609890207635609,Exp4a_self,Exp4a_self,Self,Implicit
31,4145,0.5184918714125393,Exp4a_self,Exp4a_self,Self,Implicit
32,4146,0.498010216312343,Exp4a_self,Exp4a_self,Self,Implicit
33,4147,0.5084418137669314,Exp4a_self,Exp4a_self,Self,Implicit
34,4148,0.5072460465255213,Exp4a_self,Exp4a_self,Self,Implicit
35,4149,0.4840791184494333,Exp4a_self,Exp4a_self,Self,Implicit
36,4150,0.46005442153888615,Exp4a_self,Exp4a_self,Self,Implicit
37,4151,0.4864075719602458,Exp4a_self,Exp4a_self,Self,Implicit
38,4152,0.49509573555180997,Exp4a_self,Exp4a_self,Self,Implicit
39,4153,0.4925387109023094,Exp4a_self,Exp4a_self,Self,Implicit
40,4154,0.5073610507321961,Exp4a_self,Exp4a_self,Self,Implicit
41,4155,0.5016848395967053,Exp4a_self,Exp4a_self,Self,Implicit
42,4156,0.5450726860983272,Exp4a_self,Exp4a_self,Self,Implicit
43,4157,0.5297440362889764,Exp4a_self,Exp4a_self,Self,Implicit
44,4158,0.48072526666276666,Exp4a_self,Exp4a_self,Self,Implicit
45,4159,0.48907382899169366,Exp4a_self,Exp4a_self,Self,Implicit
46,4160,0.5307203389830509,Exp4a_self,Exp4a_self,Self,Implicit
47,4161,0.4880792116214597,Exp4a_self,Exp4a_self,Self,Implicit
48,4162,0.507576283651536,Exp4a_self,Exp4a_self,Self,Implicit
49,4163,0.505421139600022,Exp4a_self,Exp4a_self,Self,Implicit
50,4164,0.4894418447050026,Exp4a_self,Exp4a_self,Self,Implicit
51,4165,0.5068682840367785,Exp4a_self,Exp4a_self,Self,Implicit
52,4166,0.4995045914518452,Exp4a_self,Exp4a_self,Self,Implicit
53,4167,0.5035952807266967,Exp4a_self,Exp4a_self,Self,Implicit
54,4168,0.49201319266450055,Exp4a_self,Exp4a_self,Self,Implicit
55,4169,0.4823524520694628,Exp4a_self,Exp4a_self,Self,Implicit
56,4170,0.4831984150960458,Exp4a_self,Exp4a_self,Self,Implicit
57,4171,0.46588708640054605,Exp4a_self,Exp4a_self,Self,Implicit
58,4172,0.4742922716912201,Exp4a_self,Exp4a_self,Self,Implicit
0,4213,0.5170583857035103,Exp4b_other,Exp4b_other,Other,Implicit
1,4215,0.548984291415726,Exp4b_other,Exp4b_other,Other,Implicit
2,4216,0.48378442357768475,Exp4b_other,Exp4b_other,Other,Implicit
3,4217,0.5308525323944769,Exp4b_other,Exp4b_other,Other,Implicit
4,4218,0.5534567844735414,Exp4b_other,Exp4b_other,Other,Implicit
5,4219,0.539813617438196,Exp4b_other,Exp4b_other,Other,Implicit
6,4220,0.5338980695398655,Exp4b_other,Exp4b_other,Other,Implicit
7,4221,0.5743261435523508,Exp4b_other,Exp4b_other,Other,Implicit
8,4222,0.5552735394027152,Exp4b_other,Exp4b_other,Other,Implicit
9,4223,0.47254403684772184,Exp4b_other,Exp4b_other,Other,Implicit
10,4224,0.5410443767902641,Exp4b_other,Exp4b_other,Other,Implicit
11,4225,0.5599563434747721,Exp4b_other,Exp4b_other,Other,Implicit
12,4226,0.5148020638861519,Exp4b_other,Exp4b_other,Other,Implicit
13,4227,0.5608700100795363,Exp4b_other,Exp4b_other,Other,Implicit
14,4228,0.4414351467799919,Exp4b_other,Exp4b_other,Other,Implicit
15,4229,0.40585383879216086,Exp4b_other,Exp4b_other,Other,Implicit
16,4230,0.6131658019712211,Exp4b_other,Exp4b_other,Other,Implicit
17,4231,0.5188352222639199,Exp4b_other,Exp4b_other,Other,Implicit
18,4232,0.5044148921210391,Exp4b_other,Exp4b_other,Other,Implicit
19,4233,0.5273934852749064,Exp4b_other,Exp4b_other,Other,Implicit
20,4234,0.5265802582510363,Exp4b_other,Exp4b_other,Other,Implicit
21,4235,0.5169874048829745,Exp4b_other,Exp4b_other,Other,Implicit
22,4236,0.5566649907841154,Exp4b_other,Exp4b_other,Other,Implicit
23,4237,0.487417246247092,Exp4b_other,Exp4b_other,Other,Implicit
24,4238,0.47924810968059917,Exp4b_other,Exp4b_other,Other,Implicit
25,4239,0.5700911224396966,Exp4b_other,Exp4b_other,Other,Implicit
26,4240,0.47384607294881587,Exp4b_other,Exp4b_other,Other,Implicit
27,4241,0.5061459126640293,Exp4b_other,Exp4b_other,Other,Implicit
28,4242,0.5300243815375425,Exp4b_other,Exp4b_other,Other,Implicit
29,4243,0.42337344798778553,Exp4b_other,Exp4b_other,Other,Implicit
30,4244,0.5442017277082832,Exp4b_other,Exp4b_other,Other,Implicit
31,4246,0.5156689492661317,Exp4b_other,Exp4b_other,Other,Implicit
32,4250,0.5171670684491197,Exp4b_other,Exp4b_other,Other,Implicit
33,4252,0.5234264773151351,Exp4b_other,Exp4b_other,Other,Implicit
34,4254,0.5998676072801722,Exp4b_other,Exp4b_other,Other,Implicit
35,4255,0.5816083150197827,Exp4b_other,Exp4b_other,Other,Implicit
36,4257,0.5338221935313626,Exp4b_other,Exp4b_other,Other,Implicit
37,4258,0.49745950403845146,Exp4b_other,Exp4b_other,Other,Implicit
38,4259,0.52341125608507,Exp4b_other,Exp4b_other,Other,Implicit
39,4260,0.532422218489018,Exp4b_other,Exp4b_other,Other,Implicit
40,4261,0.46695057291268033,Exp4b_other,Exp4b_other,Other,Implicit
41,4263,0.6157013545904768,Exp4b_other,Exp4b_other,Other,Implicit
42,4265,0.4520966674280906,Exp4b_other,Exp4b_other,Other,Implicit
43,4267,0.5304612220213243,Exp4b_other,Exp4b_other,Other,Implicit
44,4269,0.5219226826825628,Exp4b_other,Exp4b_other,Other,Implicit
0,4213,0.5202694564988117,Exp4b_self,Exp4b_self,Self,Implicit
1,4215,0.5456427340810802,Exp4b_self,Exp4b_self,Self,Implicit
2,4216,0.5262784300013109,Exp4b_self,Exp4b_self,Self,Implicit
3,4217,0.6367903194689118,Exp4b_self,Exp4b_self,Self,Implicit
4,4218,0.5896987911165082,Exp4b_self,Exp4b_self,Self,Implicit
5,4219,0.5449916054287823,Exp4b_self,Exp4b_self,Self,Implicit
6,4220,0.5824362813798519,Exp4b_self,Exp4b_self,Self,Implicit
7,4221,0.5890483543719954,Exp4b_self,Exp4b_self,Self,Implicit
8,4222,0.6092528826746328,Exp4b_self,Exp4b_self,Self,Implicit
9,4223,0.4507003327775055,Exp4b_self,Exp4b_self,Self,Implicit
10,4224,0.5164706712531596,Exp4b_self,Exp4b_self,Self,Implicit
11,4225,0.5489083596667624,Exp4b_self,Exp4b_self,Self,Implicit
12,4226,0.5612096227344597,Exp4b_self,Exp4b_self,Self,Implicit
13,4227,0.5542987585923874,Exp4b_self,Exp4b_self,Self,Implicit
14,4228,0.4902609797314796,Exp4b_self,Exp4b_self,Self,Implicit
15,4229,0.4011805024840716,Exp4b_self,Exp4b_self,Self,Implicit
16,4230,0.5742676951333019,Exp4b_self,Exp4b_self,Self,Implicit
17,4231,0.5664631800552709,Exp4b_self,Exp4b_self,Self,Implicit
18,4232,0.5493524518543672,Exp4b_self,Exp4b_self,Self,Implicit
19,4233,0.5770882102808245,Exp4b_self,Exp4b_self,Self,Implicit
20,4234,0.4940828501869718,Exp4b_self,Exp4b_self,Self,Implicit
21,4235,0.46453792298210717,Exp4b_self,Exp4b_self,Self,Implicit
22,4236,0.6270092465539298,Exp4b_self,Exp4b_self,Self,Implicit
23,4237,0.4729446703741927,Exp4b_self,Exp4b_self,Self,Implicit
24,4238,0.4953746204364098,Exp4b_self,Exp4b_self,Self,Implicit
25,4239,0.5942372909024235,Exp4b_self,Exp4b_self,Self,Implicit
26,4240,0.49273932374630275,Exp4b_self,Exp4b_self,Self,Implicit
27,4241,0.454221195915395,Exp4b_self,Exp4b_self,Self,Implicit
28,4242,0.5349753610903486,Exp4b_self,Exp4b_self,Self,Implicit
29,4243,0.47178505299560003,Exp4b_self,Exp4b_self,Self,Implicit
30,4244,0.544243008159599,Exp4b_self,Exp4b_self,Self,Implicit
31,4246,0.5336688158832397,Exp4b_self,Exp4b_self,Self,Implicit
32,4250,0.5190411186969568,Exp4b_self,Exp4b_self,Self,Implicit
33,4252,0.5351089097023615,Exp4b_self,Exp4b_self,Self,Implicit
34,4254,0.5989187976241471,Exp4b_self,Exp4b_self,Self,Implicit
35,4255,0.5105761440395078,Exp4b_self,Exp4b_self,Self,Implicit
36,4257,0.5437982020496782,Exp4b_self,Exp4b_self,Self,Implicit
37,4258,0.4858223325544726,Exp4b_self,Exp4b_self,Self,Implicit
38,4259,0.5305680937228787,Exp4b_self,Exp4b_self,Self,Implicit
39,4260,0.5458147138454043,Exp4b_self,Exp4b_self,Self,Implicit
40,4261,0.45855610801585317,Exp4b_self,Exp4b_self,Self,Implicit
41,4263,0.6023802055282331,Exp4b_self,Exp4b_self,Self,Implicit
42,4265,0.45265692744786684,Exp4b_self,Exp4b_self,Self,Implicit
43,4267,0.5399148150645813,Exp4b_self,Exp4b_self,Self,Implicit
44,4269,0.516043388735362,Exp4b_self,Exp4b_self,Self,Implicit
